Period Date,Indus at Tarbela Levels(feet),Indus at Tarbela Inflow,Indus at Tarbela Outflow,Kabul Inflow at Nowshera,Jehlum at Mangla Levels(feet),Jehlum at Mangla Inflow,Jehlum at Mangla Outflow,Chenab Inflow at Marala,System Inflows Current Year,System Inflows Last Year,System Inflows This Decade
1/1/2017,1419.8,17.7,10,7.8,1101.45,5.7,10,4.9,36.1,48.5,43.1
1/2/2017,1420.35,17.5,10,8,1101,5.8,10,4.9,36.2,49.1,43.7
1/3/2017,1420.86,17.1,10,8.6,1100.55,5.8,10,4.9,36.4,49.7,43.2
1/4/2017,1421.53,17.1,8,8.7,1100.1,5.7,10,5.2,36.7,47.6,42.6
1/5/2017,1422.36,18.6,7.5,9.2,1099.75,7.1,10,5.2,40.1,47.4,42.1
1/6/2017,1423.19,18.4,7.5,11.2,1099.85,5.7,5,5.2,40.5,52.4,42.6
1/7/2017,1424.05,18.7,7.5,13.3,1100.15,7.4,5,5.2,44.6,56,42.7
1/8/2017,1424.84,18,7.5,11.3,1100.6,9.5,5,5.6,44.4,52.7,42.8
1/9/2017,1425.68,19.1,8,10.3,1100.9,7.5,5,5.6,42.5,50.2,42.9
1/10/2017,1426.34,16.9,8,10.6,1101.15,7.2,5,5.6,40.3,50.7,44.1
1/11/2017,1426.95,15.1,7,10.6,1101.3,6.2,5,5.4,37.3,52,47.4
1/12/2017,1427.85,16.3,5,11.1,1101.5,6.5,5,5.4,39.3,51.7,44.1
1/13/2017,1428.62,14.6,5,11.4,1101.75,7.2,5,5.4,38.6,51.8,42.8
1/14/2017,1429.33,13.9,5,10.7,1102.1,8.1,5,5.4,38.1,51.2,43.3
1/15/2017,1430.04,13.9,5,10.9,1102.4,7.6,5,5.4,37.8,47.5,41.5
1/16/2017,1430.77,14.5,5,11.1,1102.65,7.4,5,5.7,38.7,45.6,42.6
1/17/2017,1431.48,14.3,5,11.1,1102.9,7.2,5,5.7,38.3,47.5,44.9
1/18/2017,1431.97,16.4,10,12,1103.05,6.2,5,5.7,40.3,45,48.5
1/19/2017,1432.37,15.2,10,12,1103.15,5.8,5,5.7,38.7,45.3,54.1
1/20/2017,1432.41,15.5,15,11.9,1103.25,5.9,5,5.7,39,46.5,49.2
1/21/2017,1432.44,15.4,15,11.5,1103.35,5.9,5,5.7,38.5,46.6,46.1
1/22/2017,1432.45,15.1,15,10.7,1103.5,6.3,5,5.7,37.8,45.7,44.5
1/23/2017,1432.52,15.9,15,11.1,1103.6,5.7,5,5.7,38.4,43,45.7
1/24/2017,1432.47,14.3,15,11,1103.75,6.2,5,5.7,37.2,44.6,45.5
1/25/2017,1432.47,15,15,11.7,1103.9,6.4,5,6.1,39.2,43.1,44.8
1/26/2017,1432.78,19,15,12,1105,18.1,8,7.6,56.7,43.1,44
1/27/2017,1433.48,19.1,10,15.3,1109.2,43.7,5,32.8,110.9,42.5,45.9
1/28/2017,1434.04,17.3,10,15.4,1111.55,28.9,5,11.5,73.1,41.9,44.4
1/29/2017,1434.89,16.1,5,14.1,1112.6,16.2,5,7.6,54,44.4,44
1/30/2017,1435.7,15.6,5,12.9,1113.4,13.4,5,9.7,51.6,48.5,44.2
1/31/2017,1436.47,15.1,5,12.8,1114,16.3,10,12,56.2,57.4,44.5
2/1/2017,1436.96,16.4,10,13.5,1113.9,13.8,15,10.2,53.9,52.1,43.3
2/2/2017,1436.82,18.2,20,13.5,1113.25,13,20,10.2,54.9,51,43
2/3/2017,1436.64,17.6,20,13.1,1112.6,13,20,9.9,53.6,47.5,43.6
2/4/2017,1436.12,19.2,26,13.4,1112.15,12.1,17,9.8,54.5,48.2,46.4
2/5/2017,1436.04,18.8,19.8,16.1,1111.75,12.6,17,9.8,57.3,49.1,54
2/6/2017,1436.48,23.7,18,26.8,1112.5,25.9,18,65.6,142,48.7,66
2/7/2017,1437.02,19.1,12,22,1113.6,21.6,10,30.6,93.3,48.3,55.9
2/8/2017,1437.56,17.1,10,15,1114.3,17.3,10,22.1,71.5,47.1,64.4
2/9/2017,1437.42,18.2,20,13.5,1114.5,17,15,19.7,68.4,47.7,76.9
2/10/2017,1437.25,17.8,20,13.6,1114.2,16.7,20,16.5,64.6,46.8,71.6
2/11/2017,1437.04,17.3,20,13.4,1113.85,16.2,20,15,61.9,51.6,57
2/12/2017,1436.52,18.2,25,14,1113.5,16.1,20,13.5,61.8,61.1,59.4
2/13/2017,1435.18,20.5,38,13.9,1113.25,17.2,20,11.6,63.2,60.7,59.6
2/14/2017,1433.75,20.4,38,13.2,1112.4,15.8,25,10.1,59.5,49.6,65
2/15/2017,1432.21,21.1,40,12.8,1110.85,13.3,30,10.1,57.3,51.3,73.4
2/16/2017,1430.59,20.1,40,13,1109.3,14.4,30,10.1,57.6,52.7,64.8
2/17/2017,1428.59,21.1,45,12.9,1107.7,16,30,11.6,61.6,50.5,62.1
2/18/2017,1426.56,21.1,45,12.2,1106,13.6,30,14.4,61.3,49.1,58.8
2/19/2017,1424.66,22.6,45,12.5,1104.35,14.8,30,13.6,63.5,48.1,57.1
2/20/2017,1423.66,33.2,45,34.1,1103.95,26.3,30,12.9,106.5,57.4,59.1
2/21/2017,1424.08,35,30,36,1104,35.8,35,21.9,128.7,79.2,59.4
2/22/2017,1423.72,25.8,30,23.9,1103.4,28.9,35,21.9,100.5,65.9,59.4
2/23/2017,1422.19,22,40,16.4,1102.4,25.7,35,21.9,86,63.1,64.5
2/24/2017,1420.48,19.8,40,13.4,1101,22,35,22,77.2,63.2,65.1
2/25/2017,1418.24,19.2,45,13,1099.2,19.6,35,13.4,65.2,61.9,66.4
2/26/2017,1415.87,17.9,45,13.9,1097.15,19.2,35,12.3,63.3,53.2,76.2
2/27/2017,1413.44,17.2,45,13.7,1095,18.4,35,12,61.3,49.4,77.4
2/28/2017,1410.96,17,45,13.3,1092.7,17.1,35,12.2,59.6,51.3,81.1
3/1/2017,1408.77,15.8,40,13.1,1090,15.2,35,14.1,58.2,51.5,50.2
3/2/2017,1405.96,14.5,45,13,1086.55,11.6,35,12.3,51.4,50.8,80.9
3/3/2017,1403.33,16.5,45,12.8,1082.4,8.2,35,9.1,46.6,48.5,74.5
3/4/2017,1400.17,10.7,45,12.5,1079.6,12.1,30,11.4,46.7,47.3,85.1
3/5/2017,1398.05,23.2,36,10.3,1077.1,16.1,30,11.4,61,57.9,79.2
3/6/2017,1395.13,23.3,40,9.8,1072.9,9.8,33,10.9,53.8,45.4,77.6
3/7/2017,1392.13,20.9,38,9.2,1064.1,12.6,33,10.9,53.6,45.3,80.1
3/8/2017,1389.13,19,36,7.6,1057.4,12.8,28,9.7,49.1,53.4,77.1
3/9/2017,1386.13,15.4,31.9,8.1,1050.3,15.3,28,10.3,49.1,60.5,74.2
3/10/2017,1383.41,13.1,28,8.4,1046.45,19.1,22,15.9,56.5,56.4,75.2
3/11/2017,1380.56,12.4,28,8.5,1049.3,25.2,22,21.7,67.8,55.4,73.7
3/12/2017,1380.56,16.8,16,6.6,1054.4,26.7,20,21.7,71.8,52.9,78.6
3/13/2017,1380.56,17.4,16.6,5.3,1060.45,31.1,20,18.8,72.6,64.9,91.1
3/14/2017,1380.56,20.6,19.8,6.1,1065.1,44.9,25,11.7,83.3,161.5,104
3/15/2017,1380.56,19,18.2,5.8,1056.2,5.9,35.2,13.6,44.3,188.9,93.2
3/16/2017,1380.56,17.4,16.6,5.8,1051.2,15.2,25,11.7,50.1,165.2,85.8
3/17/2017,1380.56,17,16.2,5.8,1049,17.6,20,11.8,52.2,114.8,87.8
3/18/2017,1380.56,17,16.2,5.5,1047.1,17.3,20,11.8,51.6,149.7,96.8
3/19/2017,1380.38,16,16.2,4.7,1047,15.6,16.3,11,47.3,177.5,93.4
3/20/2017,1380.56,17,15.2,4.3,1047,17,17.7,11.4,49.7,165.2,101.7
3/21/2017,1380.56,16.4,15.6,5,1047,17.4,18,11.7,50.5,198.8,103
3/22/2017,1380.56,16.5,15.7,6.2,1047,17.1,17.7,11.7,51.5,147.4,136.6
3/23/2017,1380.56,20.5,19.7,6.3,1047,19.2,19.2,11.5,57.5,131.9,117.3
3/24/2017,1381.83,36.1,28,3.1,1047.45,26.9,26.5,12.1,78.2,126,101.3
3/25/2017,1383.74,31.8,20,22.4,1060.1,44.1,25,17.2,115.5,120.6,101.9
3/26/2017,1384.57,25.5,20,17.7,1067,56.1,26,14.7,114,125.2,115.6
3/27/2017,1384.85,22.3,20,16.3,1068.45,38.1,31.9,14.9,91.6,156.2,119.6
3/28/2017,1385.4,23.9,20,14.4,1069.65,36.7,32.4,14.9,89.9,143.9,138.3
3/29/2017,1385.18,24.4,25,17.3,1071.5,45.1,36.2,18.1,104.9,132.2,108.9
3/30/2017,1385.58,28,25,20.7,1073.55,46.6,36.2,21.2,116.5,126.6,107.5
3/31/2017,1386.5,31,25,26.9,1076.9,49.3,32,27.5,134.7,126,130.2
4/1/2017,1387.4,30.9,25,26.4,1079.65,45.3,31.3,21.2,123.8,131.7,123.1
4/2/2017,1388.18,30.2,25,27.9,1081.55,45.2,34,21.2,124.5,135.8,134.4
4/3/2017,1388.89,29.8,25,25.2,1083.7,45,31.8,18.1,118.1,191.6,146.1
4/4/2017,1388.14,26.4,30,22.3,1084.7,40.2,34.4,22.2,111.1,374.7,167.8
4/5/2017,1387.54,27.3,30,21.2,1085.85,41.6,35,19.1,109.2,349.6,153.1
4/6/2017,1387.87,32.4,30,26.5,1090.25,69,40,19.1,147,257.8,147.1
4/7/2017,1389.04,32.1,25,29.3,1105,159.4,40,66.3,287.1,205.5,142.1
4/8/2017,1390.2,32,25,25.1,1111.3,94.4,35,41.1,192.6,179.8,140.9
4/9/2017,1391.06,30.4,25,20.9,1114.8,72.3,35,30.7,154.3,169.2,131
4/10/2017,1389.37,28.4,38,20,1117.3,61.8,35,24.4,134.6,169.2,129.7
4/11/2017,1387.76,26,35,17.6,1118.2,59.7,50,24.4,127.7,160.5,126.9
4/12/2017,1385.25,21,35,14.4,1117.9,56.9,60,21.2,113.5,157.1,132.5
4/13/2017,1383.57,22.7,32,13.6,1117.05,56.2,65,27.5,120,150.7,136.7
4/14/2017,1382.48,24.4,30,17.4,1116.2,56,65,30.3,128.1,150.4,135.8
4/15/2017,1381.37,24.3,30,20.6,1115.55,58,65,31.2,134.1,146.1,135.8
4/16/2017,1381.13,29.3,30,25.7,1115.1,60.2,65,35.3,150.5,139.9,143.1
4/17/2017,1381.78,34.4,30,27,1116.05,65.3,55,39.5,166.2,139,154.5
4/18/2017,1383.63,41.3,30,26.6,1117.9,69.6,50,40.5,178,174.2,165.6
4/19/2017,1386.18,45.4,30,32.9,1120,72.2,50,43.8,194.3,202.8,164.8
4/20/2017,1388.46,48.9,35,37.2,1122.4,75.5,45,51.8,213.4,186.9,161.6
4/21/2017,1391.4,52.9,35,48.6,1125.1,74.2,40,52.6,228.3,166.9,160.2
4/22/2017,1394.54,54.4,35,45.5,1128.55,83.6,40,56.7,240.2,167.4,163.1
4/23/2017,1398.4,58.6,35,49.4,1132.1,103,35,54.1,265.1,165.1,159.1
4/24/2017,1402.75,75.3,35,45.2,1133.4,80.1,35,44.7,245.3,149.8,151.1
4/25/2017,1406.18,73.3,35,43.2,1134.65,77.8,40,38.6,232.9,141.3,149
4/26/2017,1408.26,58.4,35,36.1,1136.25,72.9,45,35.6,203,135.1,148.4
4/27/2017,1408.92,52.7,45,31.4,1137.15,64.5,50,29.8,178.4,128.7,155.1
4/28/2017,1407.98,45,55,29.3,1136.85,60.3,65,33,167.6,127.2,158.1
4/29/2017,1405.65,44.7,70,28.9,1136.1,63,75,28.1,164.7,120.8,156.5
4/30/2017,1403.29,44.5,70,31.1,1135.1,59,75,28,162.6,117.7,162.3
5/1/2017,1400.95,44.9,70,29.6,1134.1,58.6,75,29.1,162.2,131.2,170.1
5/2/2017,1398.39,50.7,70,29,1132.7,52.6,75,29.6,161.9,142.9,170.9
5/3/2017,1396.06,51.8,65,27.2,1131.65,53.2,70,26.9,159.1,156.7,170.6
5/4/2017,1393.43,50.4,65,26.8,1130.55,52.4,70,24.2,153.8,166.9,178.6
5/5/2017,1391.13,46.9,60,27.9,1129.3,51.3,70,23,149.1,173.7,190.1
5/6/2017,1388.92,47.9,60,28,1127.7,52.3,75,24.5,152.7,186.5,200.2
5/7/2017,1388,55.5,60,29.8,1126.3,55.2,75,27,167.5,160.3,200.8
5/8/2017,1389,66.5,60,42,1125.5,58.7,70,33.7,200.9,159.2,196.2
5/9/2017,1391.73,71.7,55,46.9,1125.8,64.2,60,37.2,220,182.4,200.6
5/10/2017,1394.18,70.3,55,50.3,1126.85,64.9,50,41.7,227.2,197.7,204
5/11/2017,1397.09,73,55,47.1,1128,66.3,50,38.4,224.8,228.8,207.3
5/12/2017,1400.62,79.9,55,47.5,1129,64.2,50,44.4,236,252.3,210.2
5/13/2017,1404.83,102.2,55,43.2,1130.55,63,40,39.8,248.2,289.1,220.3
5/14/2017,1408.71,108.5,65,43.3,1132.1,64.8,40,46.6,263.2,281,221
5/15/2017,1413.1,115.4,65,47.4,1133.6,64,40,50,276.8,260.2,209.9
5/16/2017,1416.7,127.1,85.2,47.7,1135.25,66.4,40,50,291.2,234.5,211.5
5/17/2017,1419.65,134.5,100,48.9,1136.8,64.8,40,53.6,301.8,225.9,218.4
5/18/2017,1422.3,134.7,102.9,46.7,1138.25,63.2,40,53.6,298.2,218,231.6
5/19/2017,1422.98,130.8,122.1,44.8,1139.8,59.8,35,46.8,282.2,226.2,252.9
5/20/2017,1424.22,130.3,115,52.6,1141.35,62.4,35,50.2,295.5,252.5,263.7
5/21/2017,1426.21,134.2,110,60.6,1143.4,66.8,30,53.6,315.2,267.2,261.9
5/22/2017,1428.86,136.6,104.6,72.7,1145.25,63.2,30,53.6,326.1,290.4,256.8
5/23/2017,1431.6,138.4,104.6,62.3,1147,61.4,30,43.5,305.6,305.1,253.3
5/24/2017,1433.84,133.3,105,59.9,1148.3,58.3,35,50.2,301.7,326.1,254
5/25/2017,1436.8,142.2,105,64.3,1149.8,61.9,35,50.3,318.7,326.5,250.5
5/26/2017,1440.41,150.5,105,72.9,1151.35,65.8,35,57.1,346.3,289.7,246.6
5/27/2017,1444.91,164,105,76.7,1153.2,67.3,30,67.2,375.2,252.3,240.5
5/28/2017,1449.66,168.8,106.6,78.5,1155.15,69.3,30,60.6,377.2,243,242.9
5/29/2017,1453.2,189.2,120,76.2,1156.95,66.3,30,64,395.7,258.4,234
5/30/2017,1456.78,192.3,120,69.3,1158.7,60.3,25,68,389.9,258.2,232.5
5/31/2017,1459.5,195,140,67.5,1160.65,64.5,24,65.2,392.2,248.3,238
6/1/2017,1461.37,194.2,155,67.7,1162.65,64.2,20,69.1,395.2,270.2,246.7
6/2/2017,1462.46,178.3,155,62.8,1164.3,56.4,20,54.3,351.8,287.5,254.5
6/3/2017,1461.96,155.3,165,49.3,1165.7,50.9,20,47.5,303,300.2,265.9
6/4/2017,1460.98,145.3,165,57.4,1167.05,49.8,20,47.9,300.4,323.7,272.5
6/5/2017,1460.5,155.7,165,63.8,1168.7,56.4,20,58.7,334.6,320.4,273.5
6/6/2017,1461.2,180.2,165,66.6,1170.5,60.7,20,69.6,377.1,311.7,279.6
6/7/2017,1462.42,191,165,68.9,1172.6,65.4,15,72.1,397.4,320.6,282.1
6/8/2017,1463.33,184.6,165,68.7,1174.6,63,15,72.1,388.4,347.8,281.6
6/9/2017,1463.3,165,165,64.2,1176.45,59.4,15,53.6,342.2,366.1,288.1
6/10/2017,1462.76,153.9,164.5,58.4,1178.05,53.4,15,46.5,312.2,376.3,295.1
6/11/2017,1461.78,148,167.8,56.3,1179.75,49.1,8.3,46.8,300.2,401.6,308.4
6/12/2017,1459.05,133.7,189.1,59.5,1180.6,46.8,25,36.8,276.8,396.1,323.2
6/13/2017,1456.05,121.3,180.6,54.4,1181.35,44.8,25,37.1,257.6,400.1,339.2
6/14/2017,1453.05,120.6,179.8,51.1,1182.05,48.5,30,38.8,259,400.3,345.8
6/15/2017,1449.55,120.5,186.7,52.4,1182,43.7,45,43.3,259.9,424.3,360.4
6/16/2017,1446.72,148.6,184.6,51.9,1181.8,49.7,55,43.7,293.9,477.5,372.5
6/17/2017,1444.22,151.6,183.3,53.2,1181.8,45,45,44.2,294,522.6,372.3
6/18/2017,1442.22,158.2,183.4,56.5,1182.15,54.2,45,55.9,324.8,484,355.5
6/19/2017,1441.79,168.9,173.8,58.3,1182.8,47.2,30,59.8,334.2,469.6,345.7
6/20/2017,1442.65,181.8,170,60.9,1184.15,55.6,20,75.2,373.5,455.5,339.3
6/21/2017,1444.28,191.8,170,61.9,1185.45,49.3,15,67.9,370.9,464.3,340.7
6/22/2017,1446.12,194.5,170,63.7,1186.7,48,15,75.7,381.9,476.3,346.6
6/23/2017,1447.42,177.5,160,56.9,1187.95,43.7,10.7,66.7,344.8,484.4,355
6/24/2017,1447.76,174.1,169,53.4,1189.1,40.4,10,53.2,321.1,462.9,361.3
6/25/2017,1447.97,178.5,175,51.2,1190.45,46.6,10,61.1,337.4,405,370.9
6/26/2017,1448.94,193.4,180,53.3,1192,54.2,10,68.9,369.8,390.4,377.9
6/27/2017,1450.66,207.2,180,56.3,1193.4,50,10,76.6,390.1,397.2,387.5
6/28/2017,1453.23,221.5,170,61,1194.75,48.5,10,84.2,415.2,403.2,393.4
6/29/2017,1456.55,236.8,170,59.3,1196.15,50,10,91.8,437.9,414.2,402.5
6/30/2017,1461.64,253.4,150,64,1197.35,44.3,10,95.5,457.2,417.7,407.2
7/1/2017,1466.55,242.5,140,61.3,1198.55,44.2,10,142.9,490.9,427.9,402.5
7/2/2017,1470.31,219.8,140.9,50.3,1199.65,41.4,10,84,395.5,454.6,394.7
7/3/2017,1473.6,210.8,140,48.2,1200.65,40.2,10,78.9,378.1,459.2,382.1
7/4/2017,1475.76,201.8,155,46.4,1201.65,41.1,10,84.2,373.5,473.5,386.6
7/5/2017,1477.38,203.3,168,46.5,1202.75,45.6,10,84.1,379.5,474,384.8
7/6/2017,1478.45,203.6,180,43.9,1203.75,43,10,78.9,369.4,456.2,381.7
7/7/2017,1479.25,201,183.2,40.2,1204.75,43,10,78.9,363.1,442.3,391
7/8/2017,1479.42,189.4,185,38.6,1205.65,39.7,10,79,346.7,413.1,395.3
7/9/2017,1479.59,190.6,186.2,37.5,1206.45,36.4,10,79.1,343.6,392.9,395.1
7/10/2017,1479.9,203.1,195.7,39.6,1207.4,41.3,10,73.9,357.9,384.3,400.3
7/11/2017,1481.64,233.6,194.5,42.5,1208.3,39.7,10,95.3,411.1,358.6,398.7
7/12/2017,1485.64,264.1,175,55.6,1209.7,56.2,10,86.8,462.7,368.9,390.5
7/13/2017,1490.4,281.3,175,73.4,1211.05,56.8,10,134.9,546.4,369.8,394.6
7/14/2017,1496.8,291.8,143.5,79.9,1212.25,52.2,10,116.7,540.6,400.5,392.7
7/15/2017,1502.58,281.9,145,61.8,1213,36.3,10,89.2,469.2,426,394.8
7/16/2017,1507.1,256.7,146,58.6,1213.95,43.4,10,98.4,457.1,453.1,389.5
7/17/2017,1511.37,270.9,165,56.2,1214.95,45.1,10,99.7,471.9,480.6,408.7
7/18/2017,1514.37,278.9,202.5,56.9,1215.95,45.1,10,116.9,497.8,449,413.5
7/19/2017,1517.37,293.8,217.3,56.8,1216.9,43.4,10,139.7,533.7,437.5,409.3
7/20/2017,1520,270.8,203.7,51.8,1217.6,34.6,10,108.7,465.9,388.1,413.7
7/21/2017,1521,256.3,229.3,48.5,1218.3,34.6,10,92.3,431.7,340.1,420
7/22/2017,1522,245.5,219,47.6,1219,34.6,10,88.8,416.5,316.5,412.7
7/23/2017,1523,248.6,222.1,47.3,1219.6,31.1,10,88.8,415.8,346.3,410.1
7/24/2017,1524,255.1,228.6,49.2,1220.35,37,10,79.6,420.9,330.8,410.3
7/25/2017,1525,253.2,226.4,46.9,1220.95,32.3,10,93.4,425.8,329.4,403.5
7/26/2017,1526,253.5,227,44.2,1221.55,32.3,10,84.2,414.2,348.8,402.1
7/27/2017,1527,246.6,220.1,44.4,1222.15,32.3,10,88.8,412.1,385.4,427.3
7/28/2017,1528,244,217.5,42,1223,41.6,10,88.8,416.4,473.1,440.7
7/29/2017,1529,255,228.5,43.2,1223.65,34.1,10,98,430.3,408.6,472
7/30/2017,1530,267.5,241,45.2,1224.35,36,10,93.3,442,389.1,523
7/31/2017,1531,302.2,274.6,48,1225.05,36,10,125.5,511.7,366.6,502.8
8/1/2017,1532,322,294.4,54.2,1225.8,35.9,10,122.8,534.9,357.6,470.1
8/2/2017,1533,340.3,312.7,50.1,1226.75,45.3,10,126.6,562.3,376.7,462.5
8/3/2017,1534,344.6,317,62,1227.9,52.7,10,144.9,604.2,384.8,463.1
8/4/2017,1535,339.2,311.6,70.5,1228.75,41.6,10,80.5,531.8,354.2,460.4
8/5/2017,1537,324.8,269.5,66,1229.35,32.3,10,95.3,518.4,347.6,464.9
8/6/2017,1539,309.8,254.5,57,1229.95,32.3,10,89.3,488.4,359.5,459.5
8/7/2017,1541,295.5,239,51.3,1230.4,27.5,10,91.3,465.6,396,463.6
8/8/2017,1542,289.8,260.8,48.2,1230.9,29.5,10,91.3,458.8,516.1,478.2
8/9/2017,1543,295.3,266.2,47,1231.35,27.6,10,86.2,456.1,478.6,468.1
8/10/2017,1544,296.7,267.5,45,1231.8,27.6,10,91.3,460.6,459.6,467.3
8/11/2017,1545,283.6,254.4,45.4,1232.4,33.5,10,89,451.5,433.6,453.7
8/12/2017,1546,274.8,245.6,44.1,1232.9,29.5,10,75.6,424,410.2,446
8/13/2017,1547,258.8,229.6,42.3,1233.35,27.6,10,81.8,410.5,401.3,450
8/14/2017,1548,238.6,209.5,40.8,1233.85,29.5,10,70.8,379.7,370.1,447.5
8/15/2017,1549,212.3,183.1,41.8,1234.2,23.7,10,89.1,366.9,342.5,459.2
8/16/2017,1550,203.6,174.6,37.2,1234.6,25.6,10,72.2,338.6,337.2,443
8/17/2017,1550,185.4,185.1,32.2,1234.95,23.7,10,48.9,290.2,304.7,405
8/18/2017,1548.17,157.7,210,26.8,1234.85,18.8,22.7,58.5,261.8,295.7,368.4
8/19/2017,1546.49,152.3,200,25.1,1234.55,19.1,30.9,62.3,258.8,280,343.3
8/20/2017,1545.35,157.6,190,24.6,1234.25,23.3,35,62.4,267.9,263.6,334.4
8/21/2017,1544.69,161,180,27,1234.1,24.1,30,58.5,270.6,251.8,329.2
8/22/2017,1544.3,164.1,175,28,1233.8,18.3,30,51,261.4,235.6,325
8/23/2017,1543.77,160,175,25.8,1233.55,20.2,30,52,258,242.7,327.1
8/24/2017,1543.62,160.7,165,25.7,1233.3,20.2,30,55.8,262.4,242.4,316.4
8/25/2017,1543.73,168.2,165,26.7,1233.1,22.2,30,63.3,280.4,232.7,318.3
8/26/2017,1544.06,169.5,160,36.5,1233,26.1,30,63.4,295.5,227.5,314.9
8/27/2017,1544.2,164.4,160,34.9,1232.65,16.3,30,55.8,271.4,223.2,305.2
8/28/2017,1544,149.7,155,28.8,1232.35,14.8,26.5,41.6,234.9,239.5,293.2
8/29/2017,1543.24,133.6,155,21.8,1232,14.9,28.6,47.5,217.8,260.9,288.5
8/30/2017,1542.54,125.3,145,20.6,1231.15,11.8,45,50.4,208.1,270.1,271.9
8/31/2017,1541.92,127.6,145,19.6,1230.35,13.7,45,54.9,215.8,261.4,264.7
9/1/2017,1541.56,130.3,140,17.4,1230,26.3,40,52.4,226.4,250.5,262.9
9/2/2017,1541.28,132.3,140,16.8,1229.9,31.3,35,30.7,211.1,224.6,256.7
9/3/2017,1541.03,132.8,140,19.6,1229.55,22,35,54.9,229.3,210.1,252.6
9/4/2017,1540.58,127,140,20,1229.15,15.1,30,43.6,205.7,198.4,270.8
9/5/2017,1539.77,117,140,19.1,1228.85,17,30,42.6,195.7,191.4,320.6
9/6/2017,1538.7,110.4,140,19.1,1228.35,13.3,30,38.9,181.7,195.5,308
9/7/2017,1537.47,106.1,140,18.3,1227.8,19.6,40,39.6,183.6,187,294.8
9/8/2017,1536.22,100.8,135,18.5,1227.15,15.9,40,35.6,170.8,188.7,238.8
9/9/2017,1534.97,96,130,16.9,1226.5,15.9,40,33.8,162.6,181.5,234.4
9/10/2017,1533.64,93.8,130,16.1,1225.8,14,40,29.7,153.6,180.5,226.7
9/11/2017,1532.4,96.4,130,16.7,1225.2,17.7,40,28.9,159.7,185.2,212.4
9/12/2017,1531.1,94.8,130,18.3,1224.6,17.7,40,31.7,162.5,207.5,207.4
9/13/2017,1529.9,92.8,125,19,1223.95,15.9,40,28,155.7,206.8,206.2
9/14/2017,1528.44,87.2,125,16.9,1223.1,13.4,45,26.7,144.2,191,199.2
9/15/2017,1526.7,84.6,130,16.7,1222.2,11.6,45,22.1,135,188.4,198.1
9/16/2017,1524.55,78.8,135,15.7,1221.2,12.9,50,22.8,130.2,172.5,192.7
9/17/2017,1522.18,73.1,135,15.4,1220.2,12.9,50,22.9,124.3,158.6,196.4
9/18/2017,1519.61,68.2,135,12.5,1219.15,12.7,50,22.9,116.3,150.1,182.3
9/19/2017,1516.87,66.2,135,11.1,1217.9,11.1,55,21.7,110.1,138.5,180.5
9/20/2017,1514.9,60.7,110,9.9,1216.65,11.1,55,21.3,103,135.8,165.3
9/21/2017,1512.87,59.2,110,9.6,1215.4,11.1,55,20.8,100.7,138.7,160.1
9/22/2017,1511.24,59.4,100,8.5,1214.15,11.1,55,21.9,100.9,147.5,150
9/23/2017,1509.67,61.2,100,7.1,1212.9,11.1,55,21.2,100.6,145.9,166
9/24/2017,1508.06,61.4,100,7.2,1211.6,9.3,55,21.9,99.8,144.1,155.1
9/25/2017,1506.66,61.5,95,6.7,1210.3,9.3,55,24.8,102.3,138.4,141.6
9/26/2017,1505.25,61.3,95,7,1208.95,9.8,55,21.9,100,137.7,132.1
9/27/2017,1503.88,59.5,92.3,6.5,1207.6,10.4,55,21.9,98.3,125.7,126.5
9/28/2017,1502.62,59.8,90,6.6,1206.25,10.4,55,18.9,95.7,123.9,121.3
9/29/2017,1501.27,57.7,90,6,1204.9,10.4,55,18.9,93,121.1,122.4
9/30/2017,1500.15,58.4,85,6.3,1203.5,8.8,55,18.9,92.4,122.8,117.7
10/1/2017,1498.96,58.2,85,6.1,1202.05,7.1,55,18.9,90.3,122,113.2
10/2/2017,1497.66,55.8,85,6.3,1200.55,8.3,55,19.9,90.3,126.4,111.8
10/3/2017,1496.31,54.7,85,6.6,1199.1,12.2,55,18.9,92.4,129.6,108.7
10/4/2017,1495.08,52.5,80,6,1197.7,15,55,18.9,92.4,124.1,107.1
10/5/2017,1493.82,51.8,80,6.2,1196.3,15,55,18.4,91.4,125.1,105.6
10/6/2017,1492.97,51.2,70,6.1,1195.2,13.6,45,19.4,90.3,128.8,105.6
10/7/2017,1492,48.5,70,6.1,1193.95,9.3,45,19.4,83.3,116.7,103.3
10/8/2017,1490.95,46.6,70,6.6,1192.7,9.3,45,18.4,80.9,113.7,102.7
10/9/2017,1489.87,45.9,70,6.2,1191.6,8.6,40,18,78.7,107.1,100.7
10/10/2017,1488.7,44.9,70,6.2,1190.45,7.2,40,16.6,74.9,102,96.8
10/11/2017,1487.53,43.4,68.5,5.8,1189.2,6,40,16.2,71.4,92.4,91.2
10/12/2017,1486.39,40.5,65,5.6,1188.1,6,35,16.6,68.7,89.2,88.6
10/13/2017,1485.67,39.8,55,5.3,1187.05,7.3,35,15.9,68.3,83.2,85.1
10/14/2017,1485.15,39.2,50,4.7,1186,7.3,35,14.9,66.1,76.1,81.9
10/15/2017,1484.95,36.4,40,4.7,1185.05,4.9,30,13.1,59.1,74.6,81.4
10/16/2017,1484.75,36.4,40,4.3,1184.2,7.6,30,11.7,60,74.9,81.7
10/17/2017,1484.45,34.2,40,4.2,1183.35,7.6,30,11.9,57.9,71,78.9
10/18/2017,1484.19,35.1,40,4.2,1182.65,6.5,25,11.5,57.3,72.8,75.4
10/19/2017,1483.83,32.8,40,4.2,1182.5,6,10,11.2,54.2,68.6,74.9
10/20/2017,1483.7,32.9,35,4.1,1182.35,6,10,11.5,54.5,69.2,72.7
10/21/2017,1483.56,32.7,35,4.1,1182.35,5,5,10.6,52.4,67,74.1
10/22/2017,1483.33,30.7,35,3.3,1182.4,6.3,5,10.6,50.9,64.2,71.1
10/23/2017,1483.13,31.4,35,4.3,1182.45,6.3,5,10.6,52.6,63.9,70.3
10/24/2017,1482.68,30.8,40,4.2,1182.6,5.3,1.3,13.1,53.4,61.9,68.8
10/25/2017,1482.42,30,35,3.8,1182.75,4.1,0.1,10.6,48.5,62.8,68.1
10/26/2017,1482.14,29.5,35,3.6,1182.9,4.1,0.1,10.6,47.8,59.1,69.7
10/27/2017,1481.85,29.3,35,3.8,1182.9,5.9,5.9,9.7,48.7,58.6,72.2
10/28/2017,1481.56,29.3,35,3.5,1182.75,6,10,9.7,48.5,57.3,68.3
10/29/2017,1481.22,28.3,35,3.9,1182.25,6.8,20,9.7,48.7,57.8,64.9
10/30/2017,1480.87,28.1,35,1.6,1181.7,5.5,20,8.5,43.7,56.3,65
10/31/2017,1480.02,27,45,2.1,1180.8,6.2,30,8.8,44.1,56.6,64.1
11/1/2017,1479.23,29,45,3.3,1179.85,5.3,30,8.8,46.4,54.2,62.4
11/2/2017,1478.39,27.9,45,3.6,1178.9,7.2,30,8.8,47.5,55.3,61.5
11/3/2017,1477.59,28.8,45,3.5,1177.95,7.2,30,8.8,48.3,55.3,61.1
11/4/2017,1476.72,27.3,45,3.3,1177,7.2,30,8.8,46.6,57.6,61.1
11/5/2017,1475.87,27.7,45,2.9,1176,6,30,8.8,45.4,55.9,65.3
11/6/2017,1475,27.3,45.1,3.7,1174.85,7.4,35,8.8,47.2,51.2,64.9
11/7/2017,1474.15,27.7,45,3.6,1173.7,7.4,35,8.8,47.5,52.7,63.1
11/8/2017,1473.09,28.1,50,3.6,1172.5,6.2,35,8.5,46.4,50.1,61.9
11/9/2017,1471.97,26.9,50,3.5,1171.1,6.4,40,8.5,45.3,49.9,61.5
11/10/2017,1470.9,27.9,50,3.5,1169.65,5.9,40,7.8,45.1,50.6,61.5
11/11/2017,1469.75,26.4,50,3.6,1167.85,5.3,45,7.6,42.9,51.4,60.1
11/12/2017,1468.58,26.5,50,3.3,1166.05,5.3,45,7.2,42.3,49.9,58.9
11/13/2017,1467.38,25.9,50,3.2,1164.25,5.3,45,7.2,41.6,48.1,57.6
11/14/2017,1466.14,25,50,3.7,1162.45,5.3,45,7.2,41.2,44.8,59.5
11/15/2017,1465,25.1,48,4.2,1160.7,6.4,45,7.2,42.9,44.7,59.4
11/16/2017,1463.85,24.5,48,9.5,1159.1,6.4,40,6.9,47.3,45.1,58.4
11/17/2017,1462.83,22.2,43,8.6,1157.5,7.8,40,7.3,45.9,46.8,58.8
11/18/2017,1461.89,24.1,43,8.7,1155.85,6.7,40,8.5,48,45,56.9
11/19/2017,1460.8,20.8,43,8.2,1154.2,6.7,40,7.4,43.1,45.6,55.4
11/20/2017,1459.75,21.8,43,7.6,1152.5,5.7,40,8.1,43.2,40,53.9
11/21/2017,1458.94,22.2,38,7.1,1151.1,6.8,35,7.2,43.3,44.3,54.7
11/22/2017,1458.09,21.4,38,7,1149.6,5.7,35,6.9,41,43.5,53.4
11/23/2017,1457.12,19,38,7.1,1148.05,7.2,35,6.7,40,42.5,53.5
11/24/2017,1456.31,19.2,35,6.8,1146.5,7.2,35,6.8,40,42.3,53.4
11/25/2017,1455.62,18.6,32,6.3,1144.9,6.3,35,6.7,37.9,41.5,53.8
11/26/2017,1454.98,19.6,32,6.5,1143.5,6.9,32,6.8,39.8,42,52.5
11/27/2017,1454.3,19,32,6.2,1142.05,6,32,6.8,38,42,51.5
11/28/2017,1453.6,18.7,32,6,1140.6,6,32,6.5,37.2,38.7,50.8
11/29/2017,1452.94,19.4,32,6,1139.2,6.4,30,6.5,38.3,37,50.8
11/30/2017,1452.22,18.1,32,6,1137.8,7.6,30,6.3,38,39.2,51
12/1/2017,1451.18,19.7,40,5.9,1136.35,6.8,30,6.3,38.7,46.4,50.2
12/2/2017,1450,16.9,40,5,1134.85,6,30,6.1,34,52.2,49.4
12/3/2017,1448.82,25.5,40,4.1,1133.25,4.4,30,6.2,40.2,50.4,48.6
12/4/2017,1447.63,25.4,40,5.7,1131.65,4.4,30,6.3,41.8,49.4,48.3
12/5/2017,1446.88,23.1,32,5.7,1130.05,4.4,30,6.2,39.4,48,48.1
12/6/2017,1446.07,22.2,32,5.6,1128.25,4.4,30,6.2,38.4,47.1,48
12/7/2017,1445.24,21.9,32,5.4,1126.55,5.9,30,6.3,39.5,49.6,47.5
12/8/2017,1444.4,21.8,32,5.4,1124.85,5.9,30,6.2,39.3,47.9,46.4
12/9/2017,1443.36,22.3,35,4.7,1123.2,4.6,28,5.9,37.5,44.5,46
12/10/2017,1442.29,21.9,35,4.5,1121.5,3.9,28,5.7,36,44.3,46.8
12/11/2017,1441.24,22.2,35,4.9,1119.8,4.4,28,5.5,37,42.9,49.2
12/12/2017,1440.31,23.4,35,5.9,1118.05,7,28,6.3,42.6,42.2,49.3
12/13/2017,1439.46,24.8,35,6.5,1116.55,8,26,18.6,57.9,44.5,46.1
12/14/2017,1438.84,22.4,30,6.7,1115.15,7.7,24,13.4,50.2,40.5,46
12/15/2017,1438.22,20.4,28,7.2,1114,6.4,20,9.8,43.8,43.6,46.4
12/16/2017,1437.68,21.9,28,7.2,1112.8,5.8,20,7.6,42.5,44,45.8
12/17/2017,1437.03,20.5,28,6.9,1111.1,5.5,25,7.3,40.2,41.9,45.4
12/18/2017,1436.36,20.3,28,5.5,1109.15,4.3,25,6.6,36.7,39.8,43.8
12/19/2017,1435.7,20.4,28,5.8,1107.05,5.3,25,5.7,37.2,41.8,43.1
12/20/2017,1435.61,17.5,18,5.6,1105.35,5.1,22,6.2,34.4,39.1,43.3
12/21/2017,1435.58,18.3,18,6.2,1103.9,4.6,18.4,6.4,35.5,36.8,49.3
12/22/2017,1435.56,18.5,18,5.5,1103.6,6.7,10,6.2,36.9,37,48.1
12/23/2017,1436.14,15.8,8,5.4,1103.35,7.2,10,5.9,34.3,38,45.2
12/24/2017,1436.74,16.1,8,5.5,1103.05,6.7,10,6.2,34.5,37.6,44.6
12/25/2017,1437.33,15.9,8,4.6,1103.15,5.7,5,5.3,31.5,34.4,43.3
12/26/2017,1437.9,15.6,8,4.3,1103.5,7.9,5,6.3,34.1,36.7,41.1
12/27/2017,1438.42,15,8,4.5,1103.8,7.5,5,6.5,33.5,36.2,41.8
12/28/2017,1439.15,15.2,5.5,4.4,1103.9,5.6,5,6.2,31.4,36.9,40.8
12/29/2017,1439.88,14.7,5,4.4,1104.05,6.1,5,6.2,31.4,36.2,41.5
12/30/2017,1440.64,15.4,5,4.4,1104.2,6.1,5,6.2,32.1,36.7,42.2
12/31/2017,1441.35,14.9,5,4.3,1104.3,5.7,5,6.2,31.1,37.1,42
1/1/2018,1442.04,14.6,5,3.7,1104.4,5.7,5,6.5,30.5,36.1,40.4
1/2/2018,1442.73,14.7,5,3.8,1104.45,5.3,5,6.5,30.3,36.2,41.3
1/3/2018,1443.34,13.4,5,3.4,1104.5,5.3,5,5.8,27.9,36.4,41.1
1/4/2018,1443.97,13.7,5,3.7,1104.5,4.9,5,5.8,28.1,36.7,40.8
1/5/2018,1444.59,13.5,5,3.7,1104.55,5.3,5,5.8,28.3,40.1,41.2
1/6/2018,1445.23,13.8,5,4,1104.6,5.3,5,5.8,28.9,40.5,41.7
1/7/2018,1445.86,13.7,5,4.1,1104.7,5.8,5,6.7,30.3,44.6,42.1
1/8/2018,1446.47,13.4,5,4.1,1104.8,5.8,5,5.6,28.9,44.4,42.3
1/9/2018,1447.04,12.9,5,4.2,1104.8,4.8,5,5.6,27.5,42.4,42.4
1/10/2018,1447.62,13,5,3.9,1104.8,4.9,5,5.6,27.4,40.3,43.4
1/11/2018,1448.19,12.6,5,4.2,1104.8,4.9,5,5.2,26.9,37.3,46.6
1/12/2018,1448.76,12.4,5,5.3,1104.8,4.9,5,5.2,27.8,39.3,43.5
1/13/2018,1449.34,12.5,5,5.5,1105.35,5,0.1,5.2,28.2,38.6,41.9
1/14/2018,1449.9,12.3,5,4.4,1105.85,4.6,0.1,6,27.3,38.1,42.2
1/15/2018,1450.47,15.7,5,5,1106.4,5.3,0.1,6,32,37.8,41
1/16/2018,1450.29,14.3,17.9,5.4,1106.95,5.3,0.1,5.4,30.4,38.7,42
1/17/2018,1450.12,14.6,18,5.8,1107.45,4.8,0.1,5.2,30.4,38.3,44.1
1/18/2018,1449.84,13.5,18,5.8,1107.95,4.9,0.1,5.2,29.4,40.3,48.2
1/19/2018,1449.57,16.5,20,5.6,1108.4,3.8,0.1,5.3,31.2,38.7,53.7
1/20/2018,1449.12,16.2,22,5.7,1108.85,3.9,0.1,5.3,31.1,39,48.6
1/21/2018,1448.74,17.1,22,6.2,1109.3,4.5,0.1,5.5,33.3,38.5,45.7
1/22/2018,1448.33,16.7,22,5.7,1109.75,4.9,0.1,5.5,32.8,37.8,43.9
1/23/2018,1447.9,16.4,22,6,1110.2,5.5,0.1,5.3,33.2,38.4,45.3
1/24/2018,1447.48,16.6,22,6.2,1110.65,5.7,0.1,5.3,33.8,37.2,44.9
1/25/2018,1447.08,16.8,22,6.2,1111.05,4.9,0.1,5.5,33.4,39.2,44.7
1/26/2018,1446.68,16.8,22,5.9,1110.9,4,5,5.1,31.8,56.7,45.8
1/27/2018,1446.24,16.5,22.2,5.8,1110.7,3.4,5,4.6,30.3,110.9,52.4
1/28/2018,1445.82,16.4,21.8,6,1110.05,3.4,10,4.5,30.3,73.1,47.8
1/29/2018,1445.38,16.3,22,5.9,1109.4,4.2,10,4.5,30.9,54,45.4
1/30/2018,1444.94,16.3,22,5.8,1108.7,3.5,10,3.9,29.5,51.6,45.3
1/31/2018,1444.49,16.2,22,5.6,1108,3.9,10,3.9,29.6,56.2,46.1
2/1/2018,1443.86,16.8,25,5.9,1107.6,4.3,8.6,3.9,30.9,53.9,44.3
2/2/2018,1443.22,16.7,25,6.3,1107.2,3.7,8,4.6,31.3,54.9,44.1
2/3/2018,1442.57,16.6,25,6.6,1106.8,3.9,8,4.6,31.7,53.6,44.2
2/4/2018,1441.88,16.1,25,6.7,1106.4,3.9,8,4.3,31,54.5,47.2
2/5/2018,1440.74,17.2,32,6.6,1106,3.9,8,4.3,32,57.3,54.8
2/6/2018,1439.63,17.9,32,5.9,1105.6,4,8,4.7,32.5,142,75.3
2/7/2018,1438.3,18.6,35,7.2,1105,4.3,10,4.6,34.7,93.3,60.1
2/8/2018,1436.87,17.4,35,6.8,1104.2,4.6,12,4.6,33.4,71.5,65.9
2/9/2018,1434.93,18.1,42,8.3,1102.45,3.7,20,4.4,34.5,68.4,78.3
2/10/2018,1432.78,18.6,45,8.3,1100.7,3.7,20,4.4,35,64.6,72.6
2/11/2018,1430.56,17.7,45,9.6,1098.05,3.5,25,4.3,35.1,61.9,56.7
2/12/2018,1428.45,18.9,44.1,9.3,1095.3,3.7,25,4.2,36.1,61.8,55.9
2/13/2018,1426.8,20.5,40,12.8,1092.5,3.3,25,4.8,41.4,63.2,57
2/14/2018,1424.95,18.2,40,16,1089.95,3.6,22,8.6,46.4,59.5,62.5
2/15/2018,1422.9,15.8,40,15.4,1087.25,3.5,22,8.6,43.3,57.3,71.8
2/16/2018,1420.9,16.4,40,13.4,1084.65,3.3,20,5.7,38.8,57.6,62.9
2/17/2018,1418.73,14.8,40,11.5,1082.05,3.2,20,7.2,36.7,61.6,60.1
2/18/2018,1416.37,13,40,11.5,1079.1,1.9,20,7.2,33.6,61.3,57.8
2/19/2018,1414,12.9,40,10.1,1075.75,2,20,7.1,32.1,63.5,56.5
2/20/2018,1411.55,12,40,10.8,1072.8,2.1,18,7.1,32,106.5,62.5
2/21/2018,1409,11.2,40,10.7,1067.45,2.2,18,6.6,30.7,128.7,67
2/22/2018,1406.3,10.2,40,10.6,1056.4,2.1,18,5.9,28.8,100.5,62.7
2/23/2018,1403.62,11.6,40,10.5,1050,3.1,11.9,5.9,31.1,86,65.7
2/24/2018,1400.85,10.7,40,10.8,1050,6.7,7.3,5.9,34.1,77.2,66.4
2/25/2018,1398.47,17.8,35,12.2,1050,6.4,7.7,5.7,42.1,65.2,66.6
2/26/2018,1395.98,21.7,35,11.7,1050,6.1,7.4,7.7,47.2,63.3,75.5
2/27/2018,1393.2,20.1,35,12.2,1050,7.4,8.6,7.7,47.4,61.3,70.9
2/28/2018,1390.2,18,34,12,1050,6.8,8,7.2,44,59.6,70.1
3/1/2018,1387.2,16,31.3,11.2,1050,7.2,8.4,7.3,41.7,58.2,71.5
3/2/2018,1386,14.6,20.7,10.8,1050,7.1,8.3,6.6,39.1,51.4,68.2
3/3/2018,1386,20.7,20.7,12.2,1050,7.6,8.9,10,50.5,49.5,79.5
3/4/2018,1386,24.1,24.1,23.3,1050,12.1,13.3,8.6,68.1,46.7,75.3
3/5/2018,1386,19.2,19.2,18.2,1050,17.4,18.7,7.7,62.5,61,74.5
3/6/2018,1386,17.4,17.4,15.4,1050,14.4,15.7,9.1,56.3,53.8,76.9
3/7/2018,1386,16.5,16.2,11.5,1050,11.6,12.8,7.7,47.3,53.6,75.1
3/8/2018,1386,15.1,14.7,8.4,1050,9.1,10.3,7.8,40.4,49.1,71.7
3/9/2018,1386,15.2,14.7,6,1050,9.4,10.6,7.8,38.4,49.1,72.4
3/10/2018,1386,15.3,14.9,5.8,1050,9.5,10.8,7.2,37.8,56.5,71.3
3/11/2018,1386,14.8,14.3,4.6,1050,9.3,10.5,5.9,34.6,67.8,0
3/12/2018,1386,14.8,14.2,4.3,1050,8.6,9.8,5.9,33.6,71.8,90.3
3/13/2018,1386,14.6,13.8,4.4,1050,8.1,9.3,5.9,33,72.6,86.5
3/14/2018,1386,15.9,15.2,5.1,1050,8.2,9.4,5.9,35.1,83.3,88.5
3/15/2018,1386,26.6,26.4,11.6,1050,8.7,9.9,6.2,53.1,44.3,83.4
3/16/2018,1386,25.5,25.5,24.3,1050,13.8,15,6.6,70.2,50.1,85.9
3/17/2018,1386,21.1,20.8,26.1,1050,14.2,15.4,7.8,69.2,52.2,93.1
3/18/2018,1386,19.3,19,10.8,1050,13.7,14.9,7.8,51.6,51.6,94.3
3/19/2018,1386,17.7,17.7,9.8,1050,11.9,13.1,7.8,47.2,47.3,105.2
3/20/2018,1386,16.6,16.6,9.5,1050,11.9,13.1,6.6,44.6,49.7,101.8
3/21/2018,1386,15.7,15.7,8.9,1050,11.7,12.9,7.3,43.6,50.5,99.3
3/22/2018,1386,17,17,7.5,1050,12.5,13.7,7.2,44.2,51.5,95.2
3/23/2018,1386,16.5,16.5,6.9,1050,12.2,13.4,6.9,42.5,57.5,89.2
3/24/2018,1386,16.5,16.2,7.2,1050,11.3,12.5,7.2,42.2,106.1,97.8
3/25/2018,1386,16.8,16.2,5.9,1050,12,13.1,7.2,41.9,115.5,113.8
3/26/2018,1386,16.3,15.8,7.4,1050,10.9,12.1,7.2,41.8,114,118.5
3/27/2018,1386,16.8,16.3,8.6,1050,12.5,13.7,7.3,45.2,91.6,137.5
3/28/2018,1386,16.9,16.1,6.4,1050,12.2,13.4,6.7,42.2,89.9,107
3/29/2018,1386,17.2,16.4,7.1,1050,13.8,14.9,7.4,45.5,104.9,106
3/30/2018,1386,17.2,16.4,7.2,1050,13.3,14.5,7.4,45.1,116.5,128.9
3/31/2018,1386,17.7,16.9,6.7,1050,14.9,16,7.4,46.7,134.7,119.8
4/1/2018,1386,17.6,16.8,5,1050,14.4,15.5,7.4,44.4,123.8,123.1
4/2/2018,1386,18.3,17.5,6,1050,14.6,15.7,11.4,50.3,124.5,134.4
4/3/2018,1386,21.1,20.3,7.7,1050,16.3,17.1,13.3,58.4,118.1,146.1
4/4/2018,1386,23,22.4,15.8,1050,18.5,19.1,11.9,69.2,111.1,167.8
4/5/2018,1386.65,25,21,22.5,1056.8,23.8,16,13.4,84.7,109.2,153.1
4/6/2018,1387.47,22.9,18,21.8,1058.65,17.3,16,13.4,75.4,147,147.1
4/7/2018,1388.43,23.5,18,20.3,1060.7,18,16,11.9,73.7,286.7,142.1
4/8/2018,1389.45,23.8,18,19.2,1061.6,18.2,16,9,70.2,192.6,140.9
4/9/2018,1390.94,25.8,18,21.5,1064,20.8,16,11.9,80,154.3,131
4/10/2018,1393.29,30.6,18,27.4,1067,22.7,16,11.9,92.6,134.6,129.7
4/11/2018,1395.79,31.4,18,43.3,1071.3,28.3,16,14.8,117.8,127.7,126.9
4/12/2018,1397.91,29.3,18,33.6,1076.3,33.8,16,14.8,111.5,113,132.5
4/13/2018,1398.82,27.9,23,28.3,1080.1,29.7,16,18.8,104.7,120,136.7
4/14/2018,1398.74,27.4,27.5,21,1082.7,29.3,16,16.7,94.4,128.3,135.8
4/15/2018,1397.68,27.3,32.5,15.7,1084.3,24.2,16,14.6,81.8,134.1,135.8
4/16/2018,1396.76,25.6,30,14.6,1085,23.6,20,11.9,75.7,150.4,143.1
4/17/2018,1396,26.1,30,11.4,1085.45,22.4,20,6.4,66.3,166.2,154.5
4/18/2018,1395.81,29,30,20.6,1086.9,28.4,22,11.9,89.9,178,165.6
4/19/2018,1395.91,30.5,30,36.7,1088.95,34.1,25,11.9,113.2,194.3,164.8
4/20/2018,1396.18,31.4,30,39.5,1090.4,32.2,25,13.4,116.5,213.4,161.6
4/21/2018,1398.62,35,22,43.2,1092.7,42.4,28,20.8,141.4,228.3,160.2
4/22/2018,1400.33,35.9,25,41,1096.15,49.5,28,18.7,145.1,240.2,163.1
4/23/2018,1401.16,33.8,25,31,1098.35,41.7,28,20.7,127.2,265.1,159.1
4/24/2018,1401.68,30.5,25,26.4,1099.25,33.6,28,18.8,109.3,245.3,151.1
4/25/2018,1401.42,27.2,30,22.7,1099.75,31.1,28,16.5,97.5,232.9,149
4/26/2018,1400.04,25.4,40,21.3,1100.95,37.2,28,14.2,98.1,203,148.4
4/27/2018,1398.03,34.5,45,21.4,1101.75,34.4,28,16.5,106.8,178.4,155.1
4/28/2018,1395.2,35.6,50,21.6,1102.5,34,28,16.5,107.7,167.6,158.1
4/29/2018,1392.3,35,50,21,1103.15,33.2,28,28.1,117.3,164.7,156.5
4/30/2018,1390.3,34.9,45,23.3,1103.8,33.2,28,21.2,112.6,162.6,162.3
5/1/2018,1389.3,35.5,40,23.5,1104.3,32,28,22.2,113.2,162.2,170.1
5/2/2018,1388.24,35.3,40,26.1,1104.3,33,33,22.2,116.6,161.9,170.9
5/3/2018,1387.59,37.3,40,24.9,1104.4,32.8,32,23.1,118.1,159.1,170.6
5/4/2018,1387.36,39.3,40,26.8,1104.4,33.7,33.7,28.4,128.2,153.8,178.6
5/5/2018,1386.97,38.7,40,24.3,1104,31.4,34.6,23.8,118.2,149.1,190.1
5/6/2018,1386.15,36.5,40,19.8,1102.2,30.6,45,17,103.9,152.7,200.2
5/7/2018,1386,37.5,37.7,25.7,1100.4,30.6,45,11.9,105.7,167.5,200.8
5/8/2018,1386,37.8,37.4,26.9,1099.05,35.9,45,17,117.6,200.9,196.2
5/9/2018,1386,36.8,36.4,25.6,1097.9,37.8,45,23.8,124,220,200.6
5/10/2018,1386,35.9,35.4,22.5,1096.3,35,45,17,110.4,227.2,204
5/11/2018,1386,34,33.5,21.1,1094.65,34.7,45,13.3,103.1,224.8,207.3
5/12/2018,1386,35.1,34.5,23.4,1093.2,34.8,43.8,17.5,110.8,236,210.2
5/13/2018,1386.72,44.3,40,38.4,1092.3,37,42.6,19.9,139.6,248.2,220.3
5/14/2018,1389.3,53.6,40,43.3,1092.7,43,40.5,24.8,164.7,263.2,221
5/15/2018,1391.35,46.2,35,48.3,1093,44.6,42.8,24.8,163.9,276.8,209.9
5/16/2018,1393.15,44.9,35,40.6,1092.9,39.3,40,22.4,147.2,291.2,211.5
5/17/2018,1394.38,41.2,34.2,37,1093.3,37.5,35,17.5,133.2,301.8,218.4
5/18/2018,1394.82,42.8,40,35.3,1093.05,38.4,40,20.5,137,298.2,231.6
5/19/2018,1395.4,43.5,40,32.5,1093,37.7,38,20.6,134.3,282.2,252.9
5/20/2018,1395.95,43.3,40,35,1093,38,38,20.6,136.9,295.5,263.7
5/21/2018,1395.78,44.6,45,31.7,1093,38,38,18,132.3,315.2,261.9
5/22/2018,1394.38,43.2,50,29.4,1093.1,36.1,35.5,15.4,124.1,326.1,256.8
5/23/2018,1392.66,41.5,50,26.1,1092.2,37.2,42.8,18,122.8,305.6,253.3
5/24/2018,1390.72,40.3,50,23.1,1091.45,35.8,40.5,18,117.2,301.7,254
5/25/2018,1389.35,38.5,45,18.8,1090.55,32.6,38.2,20,109.9,318.7,250.5
5/26/2018,1387.94,38.5,45,16.7,1089.7,33.3,38.1,20,108.5,346.3,246.6
5/27/2018,1387.25,42.2,45,18.1,1088.9,34.3,37.9,18.3,112.9,375.2,240.5
5/28/2018,1387.42,46.6,45,20,1088,34.1,38.1,22.9,123.6,377.2,242.9
5/29/2018,1386.48,50.9,55,20.9,1087.2,34.4,38,22.9,129.1,395.7,234
5/30/2018,1386.79,62.4,60,24.2,1086.65,35.5,38,19.2,141.3,389.9,232.5
5/31/2018,1387.68,65.2,60,30.7,1086.2,36,38,24.9,156.8,392.2,238
6/1/2018,1389.52,70.1,60,34.5,1085.25,33.8,38,19.2,157.6,395.2,246.7
6/2/2018,1392.73,77.7,60,42.5,1085.3,38.2,38,38,196.4,351.8,254.5
6/3/2018,1396.95,83.3,60,48.4,1085.85,40.4,38,35.7,207.8,303,265.9
6/4/2018,1400.81,95.6,70,59.3,1086.75,41.9,38,43.2,240,300.4,272.5
6/5/2018,1406.08,126.5,70,61.2,1088.5,42.7,35,51,281.4,334.6,273.5
6/6/2018,1412.98,144.9,70,70.1,1091.2,44.1,30,60.5,319.6,377.1,279.6
6/7/2018,1419.62,153.7,80,81.4,1094.74,47.1,25,60.2,342.4,397.4,282.1
6/8/2018,1424.94,155.5,94.6,91,1097.6,42.7,25,67.1,356.3,388.4,281.6
6/9/2018,1430.31,161.8,100,92,1100.9,42.1,20,68.6,364.5,342.2,288.1
6/10/2018,1435.94,166.6,99.5,91.7,1104.05,45.2,20,74.9,378.4,312.2,295.1
6/11/2018,1441.44,167,100.5,89.3,1107.1,44.4,20,59.9,360.6,300.2,308.4
6/12/2018,1445.7,166.4,112.1,85.3,1109.6,40,20,54.8,346.5,276.8,323.2
6/13/2018,1447.12,160.2,142.9,78.7,1111.95,42.9,20,41.7,323.5,257.6,339.2
6/14/2018,1447.91,150.5,140,76.5,1114.2,39.1,15,42.5,308.6,259,345.8
6/15/2018,1448.76,151.2,140,73.5,1116.4,39.9,15,58.4,323,264.9,360.4
6/16/2018,1449.98,155.8,140,74.5,1118.5,35.3,10,53.2,318.8,293.9,372.5
6/17/2018,1450.93,157.8,138.1,75.8,1120.5,37.6,10,53.8,325,294,372.3
6/18/2018,1451.18,147.6,141.9,73.8,1122.05,36.8,10,49.6,307.8,324.8,355.5
6/19/2018,1449.02,133.8,169.1,71.2,1123.1,31.5,10,41.3,277.8,334.2,345.7
6/20/2018,1445.66,139.2,180,68.4,1124.05,31.6,10,41.3,280.5,373.5,339.3
6/21/2018,1442.28,139,180,60.1,1123.7,28.4,25,33.7,261.2,370.9,340.7
6/22/2018,1438.28,125.6,173.4,56.7,1124,31.8,25,33.7,247.8,381.9,346.6
6/23/2018,1434.28,126.4,172.9,61.2,1123.25,29.3,40,39.3,256.2,344.8,355
6/24/2018,1430.28,121.1,167.6,58.6,1122.3,26.4,40,35.6,241.7,321.1,361.3
6/25/2018,1426.28,114.3,159.1,53.1,1121.4,27,40,33.8,228.2,337.4,370.9
6/26/2018,1422.28,110.3,155,45.5,1120.4,26.3,40,31.8,213.9,369.8,377.9
6/27/2018,1418.28,109.7,153.8,43.1,1119.3,26.3,40,31.9,211,390.1,387.5
6/28/2018,1414.28,94.9,138.2,43.6,1118.25,28,40,35.8,202.3,415.2,393.4
6/29/2018,1410.28,99.3,142.5,44.3,1116.6,26.1,45,61,230.7,437.9,402.5
6/30/2018,1406.28,96.6,138.5,43.9,1114.6,22.1,45,109,271.6,457.2,407.2
7/1/2018,1402.28,95.7,137.2,45.2,1115.4,29.1,20,88.1,258.1,490.9,402.5
7/2/2018,1398.28,108.6,141.2,47,1117.05,30.6,11.7,72.6,258.8,395.5,394.7
7/3/2018,1395.35,131.6,146.6,46.8,1117.85,35.4,26.2,68.1,281.9,378.1,382.1
7/4/2018,1392.36,148.4,163.7,52.8,1119.2,40.4,25,68,309.6,373.5,386.6
7/5/2018,1390.59,154.1,162.9,59.2,1120.95,47.7,25,60.8,321.8,379.5,384.8
7/6/2018,1390.3,149.1,150,53,1122.6,48.5,25,68.7,319.3,369.4,381.7
7/7/2018,1387.82,133.1,145.2,49.8,1123.7,46.5,30.8,43.4,272.8,363.1,391
7/8/2018,1386,115,123.7,44.5,1122.65,40,55,49,248.5,346.7,395.3
7/9/2018,1386,121.3,120.6,40.7,1121.55,39.3,55,53.2,254.5,349.2,395.1
7/10/2018,1386,123.6,122.8,33.2,1120.45,39.3,55,68.6,264.7,357.9,400.3
7/11/2018,1388.27,150.8,138.5,35,1119.55,43.4,55,72.8,302,411.1,398.7
7/12/2018,1392.2,171.3,150,38.7,1119.75,47.3,45,69.2,326.5,462.7,390.5
7/13/2018,1397.4,178.5,150,45.1,1119.75,45,45,69.2,337.8,546.4,394.6
7/14/2018,1405.51,212.8,140,53.8,1121.5,49.2,25,88.1,403.9,540.6,392.7
7/15/2018,1413.04,221.5,140,55.6,1122.9,40,20,67.6,384.7,469.2,394.8
7/16/2018,1420.17,219,140,58.2,1124.1,37.1,20,72.4,386.7,457.1,389.5
7/17/2018,1427.24,220.2,140,65.7,1125.1,34.3,20,83,403.2,471.9,408.7
7/18/2018,1434.75,227.3,140,62.7,1126.75,38.5,15,88.4,416.9,497.8,413.5
7/19/2018,1442.02,226.9,140,65.7,1128.4,38.5,15,74.9,406,533.7,409.3
7/20/2018,1448.3,207.6,130,65.6,1129.65,32.8,15,88.5,394.5,443.1,413.7
7/21/2018,1455.03,231,108.6,66.3,1131.1,33.4,10,82.4,413.1,431.7,420
7/22/2018,1461.88,249.6,110.2,63,1132.5,33.4,10,81.4,427.4,416.5,412.7
7/23/2018,1469.52,259.1,100,61.2,1134.65,46,10,82.9,449.2,415.8,410.1
7/24/2018,1477.78,276.3,100,89.3,1136.95,48.5,10,87.6,501.7,420.9,410.3
7/25/2018,1486.8,279.6,80,89.5,1139.45,51.8,10,89.4,510.3,425.8,403.5
7/26/2018,1495.27,271.3,80,72.6,1141.5,47.5,10,96.2,487.6,414.2,402.1
7/27/2018,1503.59,277,80,78.1,1144,57.2,10,97.3,509.6,412.1,427.3
7/28/2018,1508.59,277.6,155.3,78.9,1145.9,45.9,10,80.7,483.1,416.4,440.7
7/29/2018,1511.59,256.9,182,73.9,1147.6,42.1,10,68.6,441.5,430.3,472
7/30/2018,1515.59,215.3,113.7,65.7,1148.9,34.5,10,63.3,378.8,442,523
7/31/2018,1517.44,182,135,58,1148,30.9,30,57.4,328.3,511.7,502.8
8/1/2018,1518.62,165,135,49.1,1148.85,28.1,30,63.4,305.6,534.9,470.1
8/2/2018,1519,160,150,42,1149.7,29.4,13.3,59.4,290.8,562.3,462.5
8/3/2018,1519.2,160.4,155,39,1150.6,28.4,10,59.8,287.6,604.2,463.1
8/4/2018,1519.12,163.3,165,36.8,1151.45,28.1,10,58.8,287,531.8,460.4
8/5/2018,1519.18,166.8,165,37.8,1152.2,25.9,10,66.9,297.4,518.4,464.9
8/6/2018,1519.75,184.8,170,37.5,1153,27,10,77,326.3,488.4,459.5
8/7/2018,1521.44,214.8,170,38,1154.25,36.6,10,98.1,387.5,465.6,463.6
8/8/2018,1524.93,242.7,150,43.8,1157.25,73.8,10,120.3,480.6,458.8,478.2
8/9/2018,1529.23,254.1,140,58.6,1158.4,34.5,10,117.6,464.8,456.1,468.1
8/10/2018,1531.23,257.1,202.4,63.9,1159.7,37.6,10,89.8,448.4,460.6,467.3
8/11/2018,1533.29,259.9,204.3,52.7,1160.8,35.2,10,87.9,435.7,451.5,453.7
8/12/2018,1535.23,253.3,197.4,52,1161.75,32.3,10,87.8,425.4,424,446
8/13/2018,1537.23,262.2,206.3,48.6,1162.9,37.1,10,111.1,459,410.5,450
8/14/2018,1539.23,281.2,225.3,49,1164.9,57,10,177.3,564.5,379.7,447.5
8/15/2018,1541.23,270.7,214,51.5,1166.35,44.1,10,96.3,462.6,366.9,459.2
8/16/2018,1543.23,240.3,182.6,47.1,1167.25,31.2,10,75.7,394.3,338.6,443
8/17/2018,1545.23,214.8,157.1,43.4,1168.2,32.3,10,69.1,359.6,290.2,405
8/18/2018,1547,210.2,159,41.7,1169,28.8,10,71.3,352,261.8,368.4
8/19/2018,1548.5,221.6,178,41.3,1170,33.5,10,79.6,376,258.8,343.3
8/20/2018,1550,224.8,181.1,45.8,1170.75,29.3,10,74.3,374.2,267.9,334.4
8/21/2018,1150,210.4,209.9,41,1171.35,25.5,10,79.6,356.5,270.6,329.2
8/22/2018,1550,206.6,206.1,37,1172.1,29.3,10,78.4,351.3,261.4,325
8/23/2018,1550,225.1,224.8,37.1,1172.8,28,10,75.1,365.3,258,327.1
8/24/2018,1550,230.5,230.2,40.7,1173.4,25.4,10,78.5,375.1,262.4,316.4
8/25/2018,1550,234.5,234.2,40.5,1174,25.4,10,78.5,378.9,280.4,318.3
8/26/2018,1550,233,232.7,38.3,1174.7,28,10,68,367.3,295.5,314.9
8/27/2018,1550,210.3,210,36.9,1175.3,25.4,10,69,341.6,271.4,305.2
8/28/2018,1550,189.8,189.5,35.3,1175.75,21.6,10,53.8,300.5,234.9,293.2
8/29/2018,1550,161.8,161.5,31.7,1176,16.4,10,58.4,268.3,217.8,288.5
8/30/2018,1550,145.5,145.2,23.9,1176.3,17.7,10,53.8,240.9,208.1,271.9
8/31/2018,1550,154.6,154.3,20.9,1176.55,16.4,10,56.7,248.6,215.8,264.7
9/1/2018,1550,163.1,162.8,21.1,1176.75,15.1,10,60.5,259.8,226.4,262.9
9/2/2018,1550,162.1,161.8,20.5,1177,16.4,10,53,252,242.9,256.7
9/3/2018,1550,166,165.6,21.4,1177.25,16.4,10,56.7,260.5,229.3,252.6
9/4/2018,1550,164.3,163.8,21.5,1177.4,13.9,10,53,252.7,205.7,270.8
9/5/2018,1550,154.5,153.9,22,1177.6,15.1,10,45.4,237,195.7,320.6
9/6/2018,1550,144.5,143.8,20.6,1177.75,13.9,10,49.2,228.2,181.7,308
9/7/2018,1550,133.6,132.9,16.7,1177.85,12.6,10,45.4,208.3,348.3,294.8
9/8/2018,1549.17,136.8,160,15.4,1177.95,12.6,10,56.7,221.5,170.8,238.8
9/9/2018,1548.32,136.2,160,13.4,1178.05,12.6,10,49.4,211.6,162.6,234.4
9/10/2018,1546.94,130.9,170,12.2,1178,11.8,13.1,41.9,196.8,153.6,226.7
9/11/2018,1545.26,122.3,170,11.9,1178.1,14.6,12,38,186.8,159.7,212.4
9/12/2018,1543,115.5,180,11.7,1178.2,14.6,12,45.6,187.4,162.5,207.4
9/13/2018,1540.65,112.9,180,13.1,1178.25,13.3,12,38.6,177.9,155.7,206.2
9/14/2018,1538.18,111.6,180,13.7,1178.4,15.9,12,36.9,178.1,144.2,199.2
9/15/2018,1536.67,108.9,150,13.7,1178.6,17.1,12,37.8,177.5,138,198.1
9/16/2018,1534.87,100.9,150,13,1178.6,12,12,29.4,155.3,130.2,192.7
9/17/2018,1532.63,88.8,150,16.5,1178,12.6,28,20,137.9,124.2,196.4
9/18/2018,1529.98,77.5,150,13.7,1176.75,12.8,45,20,124,116.3,182.3
9/19/2018,1527.37,69.2,137.6,11.4,1175.5,12.8,45,20.5,113.9,110.1,180.5
9/20/2018,1524.85,64,130,10.9,1174.35,10.3,45,20,105.2,103,165.3
9/21/2018,1522.22,61.1,130,11,1172.9,12.8,45,20,104.9,100.7,160.1
9/22/2018,1519.4,58.3,130,11.2,1171.55,10.3,45,19.2,99,100.9,150
9/23/2018,1516.77,62.3,130,11.7,1170.2,10.3,45,20.1,104.4,100.6,166
9/24/2018,1513.98,59.9,130,12.9,1169.4,10.7,30,91.3,174.8,99.8,155.1
9/25/2018,1511.58,59.7,120,10.2,1169.15,9.1,15,55.6,134.6,102.3,141.6
9/26/2018,1509.41,61.1,115,11.3,1168.95,10.3,15,37.2,119.9,100,132.1
9/27/2018,1507.24,62.6,115,11.1,1168.7,9.1,15,29.8,112.6,98.3,126.5
9/28/2018,1505.32,58.8,105,10.7,1168.45,9.1,15,26.1,104.7,95.7,121.3
9/29/2018,1503.4,53.8,100,10.8,1168.2,9.1,15,24.2,97.9,93,122.4
9/30/2018,1501.5,54.3,100,10.4,1168,10.3,15,24.5,99.5,92.4,117.7
10/1/2018,1499.45,51.3,100,9.7,1167.75,9.1,15,20.5,90.6,90.3,113.2
10/2/2018,1497.25,49.9,100,7.4,1166.5,10.6,40,20.1,88,90.3,111.8
10/3/2018,1495,48.7,100,6.8,1165.15,8.2,40,18.5,82.2,92.4,108.7
10/4/2018,1493.27,45.8,85,7.2,1163.65,9.7,45,18,80.7,92.4,107.1
10/5/2018,1491.5,44.8,85,7.6,1162,6.2,45,19.3,77.9,91.4,105.6
10/6/2018,1489.85,42.7,80,7.6,1160.5,4.7,40,18.7,73.7,90.3,105.6
10/7/2018,1488.05,40.8,80,7.5,1159.9,8.1,22,17.6,74,83.3,103.3
10/8/2018,1486.37,43.4,80,8.2,1159.4,11.4,22,17.4,80.4,80.9,102.7
10/9/2018,1484.96,39.4,70,8,1158.7,7.1,22,16.1,70.6,78.7,100.7
10/10/2018,1483.96,37.9,60,8.7,1158.1,9.2,22,16.4,72.2,75.5,96.8
10/11/2018,1483.35,36.9,50,8.8,1157.65,10.4,20,15.8,71.9,71.4,91.2
10/12/2018,1482.76,37.2,50,8.6,1157.25,11.5,20,16,73.3,68.7,88.6
10/13/2018,1482.52,35.4,40,7.8,1156.8,10.4,20,15.8,69.4,68.3,85.1
10/14/2018,1482.45,33.9,35,7.3,1156.3,9.4,20,15.8,66.4,66.1,81.9
10/15/2018,1482.34,33.1,35,7,1155.75,8.3,20,14.5,62.9,59.1,81.4
10/16/2018,1482.16,31.5,35,6.5,1155.4,7.6,15,13.4,59,60,81.7
10/17/2018,1482.14,34.6,35,6.5,1155.15,9.7,15,13.2,64,57.9,78.9
10/18/2018,1482.17,35.7,35,6.6,1154.95,10.7,15,13.4,66.4,57.3,75.4
10/19/2018,1482,31.2,35,7,1155,11.1,10,12.9,62.2,54.2,74.9
10/20/2018,1482.02,30.4,30,6.8,1155.05,11.1,10,12.5,60.8,54.5,72.7
10/21/2018,1481.92,27.8,30,5.6,1155.45,8.6,0.1,12.2,54.2,52.4,74.1
10/22/2018,1481.85,28.8,30,5,1155.9,9.7,0.1,12.2,55.7,50.9,71.1
10/23/2018,1481.94,27.5,25,5.4,1156.3,8.6,0.1,10.4,51.9,52.6,70.3
10/24/2018,1482.05,28,25,5.1,1156.7,8.6,0.1,12.2,53.9,53.4,68.8
10/25/2018,1482.11,26.9,25,5.1,1157.05,7.6,0.1,12.2,51.8,48.5,68.1
10/26/2018,1482.16,26.6,25,5.2,1157.4,7.6,0.1,11,50.4,47.8,69.7
10/27/2018,1482.18,25.9,25,5,1157.1,8.6,15,11,50.5,48.7,72.2
10/28/2018,1482.18,25.5,25,4.8,1156.8,8.6,15,10.5,49.4,48.5,68.3
10/29/2018,1481.7,24.9,35,4.9,1156.45,7.6,15,10.2,47.6,48.7,64.9
10/30/2018,1480.77,24.9,45,4.3,1156.1,7.6,15,10.5,47.3,43.7,65
10/31/2018,1479.83,24.8,45,4.5,1155.5,7.2,20,11.9,48.4,44.1,64.1
11/1/2018,1478.65,23.4,48,4.3,1154.9,7.2,20,9.7,44.6,46.4,62.4
11/2/2018,1477.91,32.8,48,8.2,1154.1,8,25,9.6,58.6,47.5,61.5
11/3/2018,1477.26,31.7,45,25.8,1153.4,10.1,25,9.8,77.4,48.3,61.1
11/4/2018,1476.76,29.9,40,12.1,1153,16.5,25,13.7,72.2,46.6,61.1
11/5/2018,1476.16,27.9,40,10.4,1152.65,17.6,25,22,77.9,45.4,65.3
11/6/2018,1475.47,26,40,7.7,1152.15,9.4,20,16.2,59.3,47.2,64.9
11/7/2018,1474.75,26.4,41.1,7.4,1151.7,10.4,20,11.7,55.9,47.5,63.1
11/8/2018,1473.82,25.8,45,7,1151.1,12.2,25,11.7,56.7,46.4,61.9
11/9/2018,1472.43,26,55,6.3,1150.5,12.2,25,11,55.5,45.3,61.5
11/10/2018,1470.8,24.9,59,6.5,1149.9,12.5,25,13.5,57.4,45.1,61.5
11/11/2018,1469.08,23.3,59,6.2,1149.25,10.7,23,11.3,51.5,42.9,60.1
11/12/2018,1467.33,23.2,59,5.7,1148.8,14.5,23,11.2,54.6,42.3,58.9
11/13/2018,1465.52,21.9,59,6.2,1148.2,11.7,23,10.5,50.3,41.6,57.6
11/14/2018,1463.77,23.2,59,6,1147.6,11.7,23,10.6,51.5,41.2,59.5
11/15/2018,1461.97,22.1,59,5.9,1147,11.7,23,10.5,50.2,42.9,59.4
11/16/2018,1460.34,22.7,56,5.4,1146.45,12.6,23,10.5,51.2,47.3,58.4
11/17/2018,1458.64,22.1,56,5.8,1145.9,12.6,23,10.5,51,45.9,58.8
11/18/2018,1456.93,21.1,55,5,1145.35,12.6,23,10.5,49.2,48,56.9
11/19/2018,1455.21,20.9,55,4.5,1144.7,10.7,23,10.5,46.6,43.1,55.4
11/20/2018,1453.38,18.7,55,4.5,1144.05,10.7,23,10.5,44.4,43.2,53.9
11/21/2018,1451.55,18.7,55,4.5,1143.45,11.7,23,10.5,45.4,43.3,54.7
11/22/2018,1449.7,20.6,55,4.5,1142.8,10.7,23,10.5,46.3,41,53.4
11/23/2018,1447.7,30.9,55,4.6,1142.1,8.8,22,10.5,54.8,40,53.5
11/24/2018,1446,29.5,50,4.9,1141.45,9.7,22,9.8,53.9,40,53.4
11/25/2018,1444.2,28.5,50,3.9,1140.8,9.7,22,9.2,51.3,37.9,53.8
11/26/2018,1442.5,29.7,50,3.9,1140.15,9.7,22,9.2,52.5,39.8,52.5
11/27/2018,1440.64,27.7,50,4.1,1139.4,9.1,22,9.6,50.5,38,51.5
11/28/2018,1438.8,28.6,50,4,1138.6,9.6,23,9.6,51.8,37.2,50.8
11/29/2018,1436.85,27.7,50,4.3,1137.7,8.9,24,9.2,50.1,38.3,50.8
11/30/2018,1434.92,27.9,50,4.2,1136.75,8.1,24,8.4,48.6,38,51
12/1/2018,1432.94,27.3,50,4,1135.6,8.8,28,8.4,48.5,38.7,50.2
12/2/2018,1431.2,25.2,45,4.2,1134.45,8.8,28,8.8,47,34,49.4
12/3/2018,1429.47,25.2,45,3.7,1133.25,7.9,28,8.4,45.2,40.2,48.6
12/4/2018,1427.65,24.8,45,3.8,1132,7.1,28,8.1,43.8,41.8,48.3
12/5/2018,1426.14,23.6,40,4.3,1130.65,5.4,28,8.1,41.4,39.4,48.1
12/6/2018,1425,22.8,35,4.3,1129.25,6.4,28,7.8,41.3,38.4,48
12/7/2018,1424.25,20.2,28,4.2,1127.85,8,28,7.8,40.2,39.5,47.5
12/8/2018,1423.58,21.1,28,3.9,1126.65,8.9,26,7.8,41.7,39.3,46.4
12/9/2018,1422.87,20.6,28,3.5,1125.45,8.9,26,8.1,41.1,37.5,46
12/10/2018,1422.26,20.7,26.9,4.1,1124.2,8.2,26,9.8,42.8,36,46.8
12/11/2018,1421.88,21.4,25,4.5,1123.15,8,23,7.8,41.7,37,49.2
12/12/2018,1421.42,20.5,25,5.1,1122.15,8.7,23,7.8,42.1,42.6,49.3
12/13/2018,1421.04,19.4,23,5.1,1121.1,8,23,7.8,40.3,57.9,46.1
12/14/2018,1420.29,20.1,28,5.3,1120.05,8,23,12.9,46.3,50.2,46
12/15/2018,1419.21,19.9,28,4.9,1119.05,9.4,21,8.8,43,43.8,46.4
12/16/2018,1418.74,20.1,28,4.5,1118,9,21,7.5,41.1,42.5,45.8
12/17/2018,1417.92,19.6,28,4.4,1117,9.6,21,7.1,40.7,40.2,45.4
12/18/2018,1417.43,18.2,23,4.7,1115.85,7.9,21,7.1,37.9,36.7,43.8
12/19/2018,1416.97,18.5,23,4.6,1114.7,7.9,21,7.1,38.1,37.2,43.1
12/20/2018,1416.67,17.3,20,4.3,1113.5,8.1,21,7.1,36.8,34.4,43.3
12/21/2018,1416.4,17.6,20,4.4,1112.25,7.2,21,6,35.2,35.5,49.3
12/22/2018,1416.5,16.7,15,4.5,1110.85,5.6,21,5.5,32.3,36.9,48.1
12/23/2018,1416.72,18,15,4.7,1109.45,6.8,21,6.2,35.7,34.3,45.2
12/24/2018,1417.28,16.8,10,4.3,1108.05,8.7,21,6.2,36,34.5,44.6
12/25/2018,1417.76,16,10,4.4,1108.2,5.3,5,6.2,31.9,31.5,43.3
12/26/2018,1418.24,16,10,4.3,1108.5,6.8,5,6.3,33.4,34.1,41.1
12/27/2018,1418.73,16.1,10,4.5,1108.75,6.6,5,9.3,36.5,33.5,41.8
12/28/2018,1419.18,15.6,10,4.4,1109,6.7,5,9.3,36,31.4,40.8
12/29/2018,1419.6,15.2,10,4.4,1109.15,6.1,5,7.2,32.9,31.4,41.5
12/30/2018,1420.02,15.2,10,4.2,1109.25,6,5,7.2,32.6,32.1,42.2
12/31/2018,1420.43,15.3,10,4.2,1109.4,6.4,5,7.2,33.1,31.1,42
1/1/2019,1421.21,14.5,5.1,4.1,1109.5,6,5,7.2,31.8,30.5,40.4
1/2/2019,1422.05,15.1,5,4.1,1109.65,6.4,5,6.2,31.8,30.3,41.3
1/3/2019,1422.86,14.8,5,3.8,1109.75,6,5,6.2,30.8,27.9,41.1
1/4/2019,1423.65,14.6,5,4.2,1109.85,6,5,6.2,31,28,40.8
1/5/2019,1424.5,14.2,3.7,4.2,1109.95,5.9,5,6.2,30.5,28.3,41.2
1/6/2019,1425.39,14,3,4.3,1110.1,6.5,5,6.2,31,28.9,41.7
1/7/2019,1426.34,14.2,2.5,4.8,1110.2,6.1,5,6.3,31.4,30.3,42.1
1/8/2019,1427.2,13.7,3,5.1,1110.35,6.6,5,6.6,32,28.9,42.3
1/9/2019,1428.07,13.7,3,4.4,1110.45,6.1,5,6.6,30.8,27.5,42.4
1/10/2019,1428.92,13.5,3,4.6,1110.55,6.1,5,6.6,30.8,27.4,43.4
1/11/2019,1429.74,13.2,3,4.4,1111.15,6.4,0.1,6.6,30.6,26.9,46.6
1/12/2019,1430.62,14.2,3,4.6,1111.7,6.1,0.1,6.6,31.5,27.8,43.5
1/13/2019,1431.52,14.5,3,5.4,1112.3,6.8,0.1,6.6,33.3,28.2,41.9
1/14/2019,1432.43,13.7,3,6,1112.95,7.3,0.1,6.3,33.3,27.3,42.2
1/15/2019,1433.29,13.1,3,6.7,1113.5,6.5,0.1,6.3,32.6,32,41
1/16/2019,1433.45,14.9,13,6.4,1114.05,6.7,0.1,6.3,34.3,30.4,42
1/17/2019,1433.45,15,15,6.4,1114.55,6.1,0.1,6.3,33.8,30.4,44.1
1/18/2019,1433.5,15.6,15,6.2,1115.1,6.5,0.1,6.3,34.6,29.4,48.2
1/19/2019,1433.54,15.5,15,6.3,1115.7,7,0.1,6.3,35.1,31.2,53.7
1/20/2019,1433.56,15.2,15,6.1,1116.3,7,0.1,6.3,34.6,31.1,48.6
1/21/2019,1433.56,15,15,6.1,1116.95,7.6,0.1,6.3,35,33.3,45.7
1/22/2019,1433.68,21.4,20,6.2,1117.7,8.5,0.1,10.6,46.7,32.8,43.9
1/23/2019,1433.82,21.7,20,7.4,1119.2,17.1,0.1,35.8,82,33.2,45.3
1/24/2019,1434.07,18.1,15,7.4,1120.2,12,0.1,20.5,58,33.8,44.9
1/25/2019,1434.25,17.2,15,7.8,1121,11.2,0.1,12.4,48.6,33.4,44.7
1/26/2019,1434.35,16.2,15,8,1121.8,11.3,0.1,12.4,47.9,31.8,45.8
1/27/2019,1434.41,15.7,15,7.5,1122.6,11.7,0.1,11.8,46.7,30.3,52.4
1/28/2019,1434.46,15.6,15,7.3,1123.3,10.5,0.1,10.4,43.8,30.3,47.8
1/29/2019,1434.5,15.5,15,6.7,1124,10.2,0.1,10.4,42.8,30.9,45.4
1/30/2019,1434.5,15,15,6.9,1124.6,8.9,0.1,10.4,41.2,29.5,45.3
1/31/2019,1434.5,15,15,6.7,1124.6,11,10,9.3,42,29.6,46.1
2/1/2019,1434.55,15.6,15,7.5,1124.7,10.8,10,10.2,44.1,30.9,44.3
2/2/2019,1434.34,17.4,20,7.9,1124.8,11.9,10,11.4,48.6,31.3,44.1
2/3/2019,1433.86,17.1,23,8.8,1124.95,12,10,11.9,49.8,31.7,44.2
2/4/2019,1433.26,17.6,25,8.7,1124.8,8.1,10,11.5,45.9,31,47.2
2/5/2019,1432.6,16.8,25,7.5,1124.8,9.7,10,15.4,49.4,32,54.8
2/6/2019,1431.98,17.3,25,6.5,1125.1,8.9,5,11.5,44.2,32.5,75.3
2/7/2019,1431.46,18.6,25,8,1125.45,9.7,5,12.6,48.9,34.7,60.1
2/8/2019,1430.61,19.5,30,9.5,1125.6,17.3,15,67.7,114,33.4,65.9
2/9/2019,1429.44,19.8,34,9.7,1125.6,15.3,15,29.4,74.2,34.5,78.3
2/10/2019,1428.18,19,34,8,1125.6,15,15,19.5,61.5,35,72.6
2/11/2019,1426.85,18.2,34,8,1125.15,14,20,14.8,55,35.1,56.7
2/12/2019,1425.49,17.8,34,8.6,1124.7,13.7,20,13.8,53.9,36.1,55.9
2/13/2019,1423.77,17.5,38,8.4,1123.7,13.9,27.5,13.8,53.6,41.4,57
2/14/2019,1422.13,18.5,38,8,1122.7,14.1,28,12.1,52.7,46.4,62.5
2/15/2019,1420.71,21.1,38,9.6,1121.8,15.2,28,14.8,60.7,43.3,71.8
2/16/2019,1419,22.1,42,13.2,1121.3,17.2,25,25.2,77.7,38.8,62.9
2/17/2019,1417.09,20,42,17.8,1120.7,15.9,25,19.6,73.3,36.7,60.1
2/18/2019,1415.05,18.6,42,10.8,1120.15,17,25,17.5,63.9,33.6,57.8
2/19/2019,1413.01,18.6,42,9.9,1119.6,18.5,25,17.5,64.5,32.1,56.5
2/20/2019,1411.04,19.4,42,10,1119,18.1,25,14.6,62.1,32,62.5
2/21/2019,1408.9,17.8,42,10.2,1118.45,18.8,25,15,61.8,30.7,67
2/22/2019,1406.96,23.4,45,11,1120.1,43.3,25,93.8,171.5,28.8,62.7
2/23/2019,1405.18,20.2,40,12.4,1122,40.3,15,29.7,102.6,31.1,65.7
2/24/2019,1403.78,19.4,35,11.1,1123,30.5,15,26.8,87.8,34.1,66.4
2/25/2019,1402.14,16.7,35,10.1,1123.7,25.5,15,19,71.3,42.1,66.6
2/26/2019,1401,17.3,30,9.8,1124.05,25.9,20,20.6,73.6,47.2,75.5
2/27/2019,1399.66,17.3,30,9.8,1124.15,22.2,20,19,68.3,47.4,70.9
2/28/2019,1398.83,21.3,25,9.7,1124.35,21.5,20,14,66.5,44,70.1
3/1/2019,1397.96,21.1,25,9.6,1124,20.2,25,14,64.9,41.7,71.5
3/2/2019,1396.94,20.5,25,8.9,1123.7,20.9,25,15.6,65.9,39.1,68.2
3/3/2019,1396.13,21.4,25,8.9,1123.45,21.5,25,15.7,67.5,50.5,79.5
3/4/2019,1395.59,22.6,25,11.7,1123.45,24.8,25,17.3,76.4,68.1,75.3
3/5/2019,1395.5,19.6,20,11.7,1123.9,23.3,17,17.3,71.9,62.5,74.5
3/6/2019,1395.37,19.4,20,10.6,1124.3,22.5,17,17.3,69.8,56.3,76.9
3/7/2019,1395.13,18.9,20,10.1,1124.35,20.8,20,17.3,67.1,47.3,75.1
3/8/2019,1394.87,18.8,20,9.1,1124.4,20.7,20,17.3,65.9,40.4,71.7
3/9/2019,1394.59,18.8,0,8.9,1124.5,21.4,20,15.7,64.8,38.4,72.4
3/10/2019,1394.14,18,20,7.7,1124.4,18.6,20,16.3,60.6,37.8,71.3
3/11/2019,1393.69,18,20,6.4,1124.35,19.1,20,16.3,59.8,34.6,76.5
3/12/2019,1393.71,20.1,20,9,1124.6,21.5,18,13.1,63.7,33.6,90.3
3/13/2019,1393.98,21.2,20,13.2,1125.65,32.9,18,15.3,82.6,33,86.5
3/14/2019,1393.85,19.4,20,14.4,1126.15,25.2,18,15.4,74.4,35.1,88.5
3/15/2019,1393.67,19.6,20,12.2,1126.55,23.6,18,15.3,70.7,53.1,83.4
3/16/2019,1393.35,19,20,11.2,1126.7,22.1,20,15.3,67.6,70.2,85.9
3/17/2019,1393,18.8,20,8,1126.8,21.9,20,15.3,64,69.2,93.1
3/18/2019,1392.65,18.8,20,11.2,1126.95,22.1,20,10.1,62.2,51.6,94.3
3/19/2019,1392.34,18.7,20,9.5,1125.35,23.8,45,13,65,47.2,105.2
3/20/2019,1392.23,19.5,20,12,1123.9,23.9,45,14.1,69.5,44.6,101.8
3/21/2019,1392.47,21.2,20,15.2,1122.75,28.5,45,21.8,86.7,43.6,99.3
3/22/2019,1392,20.2,21.9,18.3,1121.75,30.7,45,15.5,84.7,44.2,95.2
3/23/2019,1392.54,17.8,15,17.3,1120.54,27,45,15.8,77.9,42.5,89.2
3/24/2019,1392.95,17.2,15,17,1119,27.2,45,15.5,76.9,42.2,97.8
3/25/2019,1393.42,17.5,15,13.9,1117.25,25.3,45,15.5,72.2,41.9,113.8
3/26/2019,1393.21,19.5,20,12.7,1115,25.1,50,15.5,72.8,41.8,118.5
3/27/2019,1393.09,19.9,20,10.6,1113.2,29.4,50,15.8,75.7,45.2,137.5
3/28/2019,1393,20,20,12.4,1111.6,32.1,50,15.8,80.3,42.2,107
3/29/2019,1393.14,21,20,13.7,1110.2,29.4,45,15.5,79.6,45.5,106
3/30/2019,1393.12,25.3,25,17.7,1109.25,35.8,45,18.7,97.5,45.1,128.9
3/31/2019,1393.63,27.7,25,27.5,1108.9,41.7,45,28.1,125,46.7,119.8
4/1/2019,1394.61,24.7,20,28.8,1109.35,42.7,40,28.6,124.8,44.4,111.9
4/2/2019,1395.2,23,20,23.8,1109.95,40.1,35.8,22.3,109.2,50.3,117.6
4/3/2019,1395.71,22.7,20,21.5,1110.55,40.9,35,25.5,110.6,58.4,130.2
4/4/2019,1396.21,22.6,20,23.1,1111.25,42,34.8,31.8,119.5,69.2,157.2
4/5/2019,1396.96,23.7,20,25.9,1112.55,43.7,30,25.5,118.8,84.7,146
4/6/2019,1398.69,23.1,15,32.5,1114.9,49.6,25,31.8,137,75.4,133.4
4/7/2019,1400.47,26.4,15,46.2,1117.15,49.7,25,25.5,147.8,73.7,143.1
4/8/2019,1402.12,33.8,15,44.6,1119.5,52.3,25,25.5,156.2,70.1,136.6
4/9/2019,1403.81,34.2,15,41.8,1121.65,54.7,25,31.3,162,80,125.9
4/10/2019,1405.6,35.6,15,37.7,1123.8,52.6,22,30.5,156.4,92.6,124.9
4/11/2019,1406.71,38.1,25,42.4,1126.6,60,20,33.6,174.1,117.8,124.1
4/12/2019,1407.88,38.7,25,52.7,1129.5,62.9,20,31,185.3,111.5,126.4
4/13/2019,1408.84,36.4,25,47.7,1131.85,61.8,20,31,176.9,104.7,127.9
4/14/2019,1409.94,38,25,51.2,1134,61,25,31,181.2,94.4,126.8
4/15/2019,1410.91,36.8,25,60.4,1136.2,61.8,25,31,190,81.8,125
4/16/2019,1411.67,34.3,25,55.2,1138.05,56,25,24.7,170.2,75.7,131.6
4/17/2019,1412.67,36.8,25,57.8,1140,52.6,20,31,178.2,66.3,140.6
4/18/2019,1415.13,43.3,15,121.4,1142.5,62.2,15,36.2,263.1,89.9,155
4/19/2019,1417.23,39.1,15,109.6,1144.9,60.3,15,29.9,238.9,113.2,158.8
4/20/2019,1418.91,34.3,15,86.9,1146.9,52.8,15,29.9,203.9,116.5,158.2
4/21/2019,1420.55,34.1,15,69.3,1148.9,52.8,15,26.5,182.7,141.4,162.1
4/22/2019,1422.2,35,15,73.2,1150.85,53.8,15,26.5,188.5,145.1,168.2
4/23/2019,1423.87,35.5,15,70.8,1152.85,57.5,15,26.5,190.3,127.2,164.3
4/24/2019,1425.68,37.3,15,75.4,1154.8,56.5,15,34.6,203.8,109.3,153.2
4/25/2019,1427.97,42.5,15,76.3,1156.95,60.7,15,42.1,221.6,97.5,149.3
4/26/2019,1430.02,44.7,20,84.2,1156.9,61.5,20,38.8,229.2,98.1,146.8
4/27/2019,1431.98,44.7,20,87.8,1161.05,68.3,20,35.4,236.2,106.8,153.5
4/28/2019,1433.65,41.1,20,71.4,1162.95,64.7,20,32.1,209.3,107.7,155.5
4/29/2019,1434.12,41.3,35,64,1164.35,58.9,26,32.1,196.3,108.2,155.1
4/30/2019,1433.82,41.8,45,59.8,1165.3,57.3,35,32.1,191,112.6,159.7
5/1/2019,1432.78,42.7,55,54.4,1165.8,51.8,40,32.1,181,113.2,162.7
5/2/2019,1431.36,43,60,52.5,1166.35,52.9,40,29.7,178.1,116.6,162.1
5/3/2019,1429.91,42.6,60,48.5,1166.8,50.6,40,30.7,172.4,118.1,160.9
5/4/2019,1427.84,40.9,65,43.7,1167.15,48.2,40,28.7,161.5,128.2,166.2
5/5/2019,1425.54,38.4,65,36.4,1167.35,44.7,40,22.5,142,118.2,172.9
5/6/2019,1423.12,37,65,34.3,1167.45,42.4,40,23,136.7,103.9,180
5/7/2019,1420.55,35.2,65,35.5,1167.3,41.5,45,23.7,135.9,105.7,185.2
5/8/2019,1417.55,36.1,70,38.1,1166.1,41.8,70,23.8,139.8,117.6,187.6
5/9/2019,1414.6,36.9,70,41,1164.95,42.9,70,24.6,145.4,124,193.2
5/10/2019,1411.69,37.3,70,47.1,1163.9,45.3,70,24.8,154.5,110.4,194.6
5/11/2019,1409.95,40.7,60,49.5,1162.85,45.3,70,28.5,164,103.1,199
5/12/2019,1408.44,44,60,46.2,1161.7,42.9,70,29.3,162.4,110.8,205.6
5/13/2019,1407.5,45.3,55,47.7,1160.55,42.9,70,29.9,165.8,139.6,220.3
5/14/2019,1406.88,48.9,55,47,1159.4,44.3,70,30.3,170.5,164.7,223.5
5/15/2019,1406.68,48.6,50,52.5,1158.25,45.5,70,30.3,176.9,163.9,210.2
5/16/2019,1406.85,52.7,50,57.9,1157.1,45.5,70,30.3,186.4,147.2,207
5/17/2019,1407.5,57.8,50,64.7,1155.9,44.5,70,30.3,197.3,133.2,208
5/18/2019,1407.42,59.7,60,66.3,1155.65,46.7,52,27.3,200,137,221.8
5/19/2019,1407.62,62.8,60,65.5,1155.55,49.8,52,33.6,211.7,134.3,239.2
5/20/2019,1407.36,57.7,60,55.3,1155.3,46.7,52,30.3,190,136.9,248.6
5/21/2019,1406.16,57.2,70,51.5,1155.1,47.7,52,30.7,187.1,132.3,250.3
5/22/2019,1404.87,56.3,70,47.6,1155,49.9,52,34.2,188,124.1,248.7
5/23/2019,1403.82,59,70,45.5,1154.15,46.9,65,34.4,185.8,122.8,245
5/24/2019,1403.54,67.6,70,50.2,1153.45,50.1,65,35.1,203,117.2,244
5/25/2019,1403.49,75.1,75,57,1152.85,52.2,65,35.7,220,109.9,244.7
5/26/2019,1403.92,75.5,70,76,1152.3,53.3,65,44,248.8,108.5,245
5/27/2019,1405.19,69.9,55,61.6,1151.75,48.3,60,33.4,213.2,112.9,246.2
5/28/2019,1406.74,68,50,57,1151.15,47.2,60,30,202.2,123.6,252.4
5/29/2019,1407.96,64.3,50,46.1,1150.5,46.2,60,30.5,187.1,129.1,248.8
5/30/2019,1407.57,64.8,68.4,39.4,1150,49.4,60,30.5,184.1,141.3,250.2
5/31/2019,1407.15,71,75,46.4,1149.45,49.6,60,34.6,201.6,156.8,257.8
6/1/2019,1406.81,76.9,80,53.6,1150.05,51.4,40,42.5,224.4,157.6,265.1
6/2/2019,1408.02,94.3,80,60.6,1151.15,52.3,30,42.5,249.7,196.4,271.5
6/3/2019,1409.21,100.7,80,69.9,1152.4,52.6,25,46.3,269.5,207.8,273.2
6/4/2019,1409.85,110.6,103.2,74.6,1153.9,56.9,25,46.3,288.4,240,280.1
6/5/2019,1411.28,112.4,95,72.3,1155.3,58.4,30,46.3,289.4,281.4,290
6/6/2019,1412,104,95,67.3,1156.5,55.5,30,46.3,273.1,319.6,301.9
6/7/2019,1411.27,92.3,100,59.9,1157.5,51.3,30,42.6,246.1,342.4,306.6
6/8/2019,1408.72,81.8,110,53.6,1157.9,48.5,40,38.9,222.8,356.3,304.7
6/9/2019,1406.1,81.5,110,57,1158.2,46.4,40,43.9,228.8,364.5,304.3
6/10/2019,1403.38,75.4,105,69.3,1158.3,47.1,45,44,235.8,378.4,304.8
6/11/2019,1402.5,91,100,70,1158.5,49.3,45,51.7,262,360.6,312.5
6/12/2019,1402.88,105,100,78.5,1158.9,53.5,45,55.6,292.6,346.5,317.6
6/13/2019,1404.34,117.1,100,82.4,1160.3,75.4,45,59.5,334.4,323.5,321.8
6/14/2019,1403.15,102.5,115,67.4,1161.6,75.6,45,52.1,297.6,308.6,319.9
6/15/2019,1400.5,86.3,115,56.1,1161.65,61.9,60.7,45.2,249.5,323,329.9
6/16/2019,1397.27,93.7,110.9,56.3,1160.6,60.3,85,41.4,251.7,318.7,339.4
6/17/2019,1393.9,91.5,106,58,1159.3,56,85,45.2,250.7,322,338.5
6/18/2019,1393.26,100.2,98.7,55.1,1157.1,58.2,105,45.4,258.9,307.8,332.7
6/19/2019,1392.4,101,107.7,60.9,1154.9,58.2,105,45.5,265.6,277.8,325.8
6/20/2019,1394.9,114.6,102.8,62.6,1152.4,51.8,105,45.6,274.6,280.5,327.3
6/21/2019,1396.9,114.8,105.2,66.6,1150.05,55,105,45.7,282.1,261.2,332
6/22/2019,1398.87,119.4,110,73,1147.4,54.9,105,42,289.3,247.8,342.9
6/23/2019,1400.5,116.3,105,76,1144.65,51.2,105,42,285.5,256.2,349.4
6/24/2019,1403.35,132.5,100,76.7,1141.65,50.3,105,42,301.5,241.7,351.6
6/25/2019,1405.22,136.7,115,75.4,1139.05,58,105,49.6,319.7,233.2,360.4
6/29/2019,1404.52,114.9,120,68.4,1135.25,53.3,50,49.6,286.2,230.7,375.3
6/30/2019,1404.19,117.3,120,70.1,1135.7,52.5,45,53.4,293.3,271.6,382.3
7/1/2019,1405.04,130.1,120,70,1136.6,55.1,40,53.4,308.6,258.1,383.4
7/2/2019,1406.93,146.9,125,66.3,1137.5,55.1,40,57.3,325.6,258.8,373.8
7/3/2019,1408.31,146.2,130,63.5,1138.15,50.9,40,53.6,314.2,281.9,366.9
7/4/2019,1410.18,156.2,134.5,71.2,1138.95,53.4,40,64.9,345.7,309.6,377.9
7/5/2019,1412.45,190.5,163.6,81.4,1140.65,59.8,30,83.7,415.4,321.8,382.2
7/6/2019,1417,217.3,164.2,86.1,1142.8,65.6,25,77.2,446.2,319.3,378.2
7/7/2019,1421.51,219.9,166.7,95.3,1145.1,63.4,20,77.5,456.1,272.8,370.8
7/8/2019,1426.27,225.1,167.8,96.5,1147,55.9,20,74.1,451.6,248.5,367.7
7/9/2019,1431.35,231.8,170,95,1149.4,65.3,20,85.7,477.8,254.5,370.6
7/10/2019,1437.95,254.7,172.5,97.6,1152,68.9,15,97.3,518.5,264.6,383.2
7/11/2019,1446.36,268.7,160,99,1154.7,69.4,12,86.3,523.4,302,396.9
7/12/2019,1453.94,288.1,160,98.3,1157.05,62,12,90.7,539.1,326.5,395.2
7/13/2019,1460.78,300,160,94.8,1159.3,59.8,12,87,541.6,337.8,404.7
7/14/2019,1467.42,299.7,160,92.2,1161.5,62.2,12,83.2,537.3,403.9,411.1
7/15/2019,1473.4,287.8,160,98.4,1163.5,59,12,79.1,524.3,384.7,405.3
7/16/2019,1478.75,275.7,160,100,1165.6,61.4,12,84.1,521.2,386.7,406
7/17/2019,1483.39,263.4,160,96.3,1167.45,55.5,12,80.3,495.5,403.2,433.6
7/18/2019,1486.9,249.4,170,86.9,1169,48.5,12,69.6,454.4,416.9,442.4
7/19/2019,1490.17,244.1,170,85.4,1170.75,54.8,12,80.6,464.9,406,438.7
7/20/2019,1493.04,237.6,170,85.1,1172.35,53.2,12,86.7,462.6,394.5,432.8
7/21/2019,1496.01,239.9,170,83.4,1174,52.5,10,73.6,449.4,413.1,432.4
7/22/2019,1498.95,239.2,170,80.1,1175.4,46,10,68.3,433.6,427.4,425.1
7/23/2019,1501.85,240.4,170,79.3,1177,51.2,10,79.2,450.1,449.2,426
7/24/2019,1504.94,246.3,170,76.6,1178.5,48.6,10,79.7,451.2,501.7,434.7
7/25/2019,1508.48,257.3,170,74,1180.2,54.2,10,92.7,478.2,510.3,430.5
7/26/2019,1512.94,282.5,170,75.7,1182,60.4,10,118.8,537.4,487.6,426.7
7/27/2019,1517.75,292.8,170,88.8,1183.4,49.2,10,91.2,522,509.6,455.4
7/28/2019,1522.75,308.1,177.6,90,1184.75,47.8,10,96.3,542.2,483.1,468.4
7/29/2019,1525.75,309.4,229.5,98.4,1186.4,56.2,10,136.9,600.9,441.5,498.9
7/30/2019,1528,300,240,94.9,1187.8,49.2,10,95.6,539.7,378.8,543.9
7/31/2019,1530,278.7,225.3,82.6,1189.05,45,10,123.6,529.9,329.3,521.4
8/1/2019,1532,297.8,242,75.6,1190.65,56.2,10,134.1,563.7,305.6,483.8
8/2/2019,1534,323.9,268.6,77.7,1192.7,72,10,126.7,600.3,290.8,475.9
8/3/2019,1536,319.2,263.9,74.9,1194.1,52.3,10,90.8,537.2,287.6,477.8
8/4/2019,1538,310.9,255.6,72.8,1195.5,52.3,10,82.1,518.1,287,463.3
8/5/2019,1540,283,227.3,68.9,1196.75,47.8,10,87,486.7,297.4,467.6
8/6/2019,1541,267.8,238.5,60.9,1197.95,46.3,10,87.9,462.9,326.3,464.7
8/7/2019,1542,269.7,240.2,56.2,1199.2,47.8,10,95.1,468.8,387.5,473.5
8/8/2019,1543,268.2,238.8,57.4,1200.75,59,10,105.8,490.4,480.6,501.2
8/9/2019,1544,270.2,241,59.1,1201.7,41.4,10,93.5,464.2,464.8,491.1
8/10/2019,1545,299.8,270.5,59.6,1203,52.9,10,98.9,511.2,448.4,489.1
8/11/2019,1545.5,299.8,284.6,68.6,1204.4,56.2,10,98.8,523.4,435.7,475.2
8/12/2019,1546.43,305,277.4,83.6,1205.5,46.3,10,98.8,533.7,425.4,456
8/13/2019,1546.9,307.2,292.8,73.7,1206.5,43,10,95,518.9,459,453.5
8/14/2019,1547,301.9,298.2,63,1207.65,48,10,95,507.9,564.5,458.2
8/15/2019,1547.1,301.1,297.4,63.6,1209.45,69.4,10,116.5,550.6,462.6,453.8
8/16/2019,1547.19,304.8,302.2,61.3,1210.6,49.2,10,87,502.3,394.3,436.8
8/17/2019,1547.05,295.2,299.2,61,1211.45,39.9,10,92.4,488.5,359.6,399.7
8/18/2019,1548.45,263.3,222.6,66.6,1212.65,52.2,10,135.6,517.7,352,367.5
8/19/2019,1549.44,236.7,207.9,60.8,1213.65,45.1,10,98.6,441.2,376,349.8
8/20/2019,1550,198.3,181.9,47.1,1214.5,39.9,10,109.4,394.7,374.2,345.2
8/21/2019,1550,183,182.7,39.5,1215.2,34.6,10,77.3,334.4,356.5,339.2
8/22/2019,1550,163.2,162.7,34.4,1215.85,32.8,10,52.2,282.6,351.3,335.5
8/23/2019,1550,140.5,140,28.7,1216.35,32.6,15,58.4,260.2,365.3,334.8
8/24/2019,1550,134.3,133.6,26.4,1216.8,30.8,15,47.2,238.7,375.1,325.5
8/25/2019,1550,134.3,133.5,24.4,1217.2,29.1,15,50.4,238.2,379,328.2
8/26/2019,1550,137.6,136.8,24.3,1217.8,36.1,15,53.6,251.6,367.3,326.8
8/27/2019,1550,145.3,144.9,25.2,1218.25,28.8,13,59,258.3,341.6,310.8
8/28/2019,1550,147.6,147.2,23.1,1218.7,25.8,10,64.3,260.8,300.5,293.7
8/29/2019,1550,154.4,153.8,23.3,1219.15,25.8,10,60.9,264.4,268.3,287.1
8/30/2019,1550,157.9,157.4,21.5,1219.6,25.8,10,58.9,264.1,240.9,270.3
8/31/2019,1550,166.6,166.6,20.6,1220,24.1,10,69.5,280.8,248.6,266.9
9/1/2019,1550,166.4,166.4,20.5,1220.35,23,10,62.7,272.6,259.8,266.7
9/2/2019,1550,163.6,163.6,21.6,1220.7,23,10,66.4,274.6,252,261.3
9/3/2019,1550,154.9,154.9,22.7,1221,21.1,10,61.3,260,260.5,258.7
9/4/2019,1550,152.6,152.6,21.1,1221.25,19.3,10,57.3,250.3,252.7,274.1
9/5/2019,1550,143.4,143.4,19.8,1221.5,19.3,10,61.3,243.8,237,318.9
9/6/2019,1550,152.7,152.7,19.3,1221.8,21.1,10,63.3,256.4,228.2,302.9
9/7/2019,1550,158,158,18.9,1222.1,21.1,10,61.2,259.2,208.3,307.6
9/8/2019,1550,159.7,159.7,19.5,1222.35,19.3,10,57.9,256.4,221.5,238.7
9/9/2019,1550,154.7,154.7,19.8,1222.5,15.6,10,61.2,251.3,211.6,236.8
9/10/2019,1550,141.5,141.5,19.5,1222.65,15.6,10,59.7,236.3,196.8,229.6
9/11/2019,1550,126.7,126.7,19.1,1222.8,15.6,10,50.6,212,186.8,217
9/12/2019,1549.24,128.1,150,17.4,1222.65,17.4,22.9,52.8,215.7,187.4,215.1
9/13/2019,1548.44,126.9,150,17.1,1222.4,15.7,25,49,208.7,177.9,212.7
9/14/2019,1547.47,122,150,17.3,1222.1,13.9,25,47.2,200.4,178.1,205.4
9/15/2019,1546.6,119.9,145,17.3,1221.6,13.4,32,37.7,188.3,177.5,204.1
9/16/2019,1545.75,115.5,140,16.3,1221,14.7,37,46,192.5,155.3,194.4
9/17/2019,1544.76,111.4,140,15.5,1220.5,18.4,37,44,189.3,137.9,195.8
9/18/2019,1543.65,108,140,15.4,1219.95,11.7,32,40.2,175.3,124,177.8
9/19/2019,1542.63,100.6,130,14.6,1219.4,12.7,32,36.5,164.4,113.9,173
9/20/2019,1541.44,95.7,130,14.5,1218.8,15.9,37,36.5,162.6,105.2,157.2
9/21/2019,1540,83.5,125,14.2,1218.3,17.4,35,34.8,149.9,104.9,150.2
9/22/2019,1538.28,87.5,135,14.3,1217.65,12.2,35,29.5,143.5,99,140.6
9/23/2019,1536.48,85.3,135,14.7,1217,12.2,35,29.6,141.8,104.4,158.6
9/24/2019,1534.8,88.6,135,15,1216.3,12.2,35,27.9,143.7,174.8,155.6
9/25/2019,1533.52,89.6,125,14.9,1215.95,14.2,28.3,24.6,143.3,134.6,140.8
9/26/2019,1532.42,94.6,125,15.6,1215.6,17.7,30,24.9,152.8,119.9,132.5
9/27/2019,1531.47,98.8,125,15.8,1214.8,11.9,40,30.5,157,112.6,126.7
9/28/2019,1530.56,99.9,125,16,1214.35,24.2,40,37.2,177.3,101.7,121.4
9/29/2019,1530.24,101.2,110,17.9,1213.75,18.9,40,33.8,171.8,97.9,122.3
9/30/2019,1529.98,103.3,110,16.5,1213,13.7,40,37.7,171.2,99.5,118
10/1/2019,1530.04,101.9,100,16.4,1212.15,15.1,45,32.8,166.2,90.6,113.1
10/2/2019,1530.22,100.4,95,19,1211.4,18.7,45,27.9,166,88,112
10/3/2019,1529.92,87.2,95,16.9,1210.55,15.1,45,27.4,146.6,82.2,108.6
10/4/2019,1529.81,74.4,77,14.4,1209.7,15.8,45,23.3,127.9,80.7,107
10/5/2019,1529.24,70.2,85,15.8,1208.75,13.6,45,23.2,122.8,76.6,105.5
10/6/2019,1528.32,61,85,16.2,1207.85,10.3,40,21.8,109.3,73.7,105.1
10/7/2019,1527.44,57.1,80,17.1,1207.05,8.6,35,19.2,102,74,102.3
10/8/2019,1526.56,52.1,75,17,1206.4,13.5,35,14.8,97.4,80.4,102.4
10/9/2019,1525.93,48.7,65,16.5,1205.75,13.5,35,15,93.7,70.6,98.4
10/10/2019,1525.75,45.6,50,15.8,1205.05,11.9,35,15,88.3,72.2,95.2
10/11/2019,1525.65,42.8,45,15.4,1204.3,10.2,35,16,84.4,71.9,90.8
10/12/2019,1525.7,41.7,40,15,1203.6,11.9,35,14.4,83,73.3,88.8
10/13/2019,1525.7,40.4,40,15,1202.9,11.9,35,13.8,81.1,69.4,85.3
10/14/2019,1525.7,40.4,40,15.3,1202.2,11.9,35,13.2,80.8,66.4,81.7
10/15/2019,1525.6,37.8,40,13.3,1201.5,11.9,35,14.4,77.4,62.9,79.9
10/16/2019,1525.51,38,43,10.8,1201,8.5,25,14.6,71.9,59,79.2
10/17/2019,1525.39,37.2,40,9.8,1200.85,10,15,14.3,71.3,64,77
10/18/2019,1525.37,39.9,40,9.5,1200.8,8.3,10,14.2,71.9,66.4,74.8
10/19/2019,1525.25,37.2,40,10.3,1201.1,15.9,6,12.6,76,62.2,73.4
10/20/2019,1525.16,38,40,13.9,1201.35,12.1,3.8,14.6,78.6,60.8,72.7
10/21/2019,1524.95,34.8,40,11.4,1201.55,10.4,3.8,15,71.6,54.2,72.6
10/22/2019,1524.95,33.4,33,12,1201.7,8.8,3.8,15,69.2,55.7,70.1
10/23/2019,1525.23,32.8,25,10.6,1201.95,11.1,2.8,11.7,66.2,51.9,69.6
10/24/2019,1525.3,32.6,30,10.3,1202.15,9.5,2.9,13.4,65.8,53.9,68.5
10/25/2019,1525.5,30.6,25,9,1202.2,9.7,8,13.3,62.6,51.8,67.1
10/26/2019,1525.68,30.5,25,9.1,1202.2,8,8,13.3,60.9,50.4,68.7
10/27/2019,1525.86,30.5,25,8.2,1202.2,8,8,10.2,56.9,50.5,71.3
10/28/2019,1525.83,29.8,30,9.1,1202.25,9.7,8,9.5,58.1,49.4,67.2
10/29/2019,1525.76,28.7,30,7.3,1202.25,8,8,9.7,53.7,47.6,63.9
10/30/2019,1525.7,29,30,7,1201.8,7.1,22,9.7,52.8,47.3,63.2
10/31/2019,1524.97,31.3,50,7,1201.1,11.9,35,11.3,61.5,48.4,62.9
11/1/2019,1524.16,29.2,50,6.9,1200.35,10.2,35,9.7,56,44.6,60.6
11/2/2019,1523.33,28.5,50,6.5,1199.4,10.3,40,10.8,56.1,58.6,61.3
11/3/2019,1522.55,29.9,50,8,1198.4,9.9,40,10,57.8,77.4,63.2
11/4/2019,1521.73,28.8,50,8.5,1197.45,11.3,40,9.7,58.3,72.2,62.6
11/5/2019,1520.68,27.7,55,9,1196.6,14.3,40,10.8,61.8,77.9,67.5
11/6/2019,1519.25,28.4,65,9.3,1195.6,11.3,40,9.8,58.8,59.3,65.7
11/7/2019,1517.9,31.2,65,7.5,1195.05,21.9,40,10.4,71,55.9,63.7
11/8/2019,1516.55,31.2,65,8.9,1194.8,32.4,40,77,149.5,56.7,62.2
11/9/2019,1515.26,27.7,60,10.1,1194.75,23.5,25,24.5,85.8,55.5,62.3
11/10/2019,1513.97,27.7,60,8.5,1194.6,20.5,25,18.7,75.4,57.4,62.7
11/11/2019,1512.45,26.9,65,9.4,1193.8,15.8,40,15.8,67.9,51.5,60
11/12/2019,1510.9,26.1,65,8.4,1193,15.8,40,12.9,63.2,56.7,59.3
11/13/2019,1509.35,26.7,65,8.4,1192.15,14.3,40,12.9,62.3,50.3,57.1
11/14/2019,1507.83,28.3,65,8.3,1191.35,15.8,40,11.8,64.2,51.5,58.3
11/15/2019,1506.36,28.7,64.2,8.9,1190.55,15.8,40,11.7,65.1,50.2,58.7
11/16/2019,1504.85,28.5,65,8.8,1189.75,16.4,40,11.7,65.4,51.3,58
11/17/2019,1503.86,36.2,60,9.7,1189.45,28.6,37,12.6,87.1,51,58.2
11/18/2019,1502.63,30.4,60,17.3,1189,24.4,37,12.6,84.7,49.2,56.4
11/19/2019,1501.51,28.1,55,14.3,1188.5,21,35,12.6,76,46.6,54.1
11/20/2019,1500.31,26.1,55,12.6,1187.95,19.6,35,12.6,70.9,44.4,52.9
11/21/2019,1499.07,26.2,55,11.4,1187.45,19,33,12.6,69.2,45.4,54
11/22/2019,1497.83,26.6,55,11.4,1187,20.4,33,12.6,71,46.3,52.2
11/23/2019,1496.63,27.5,55,11.1,1186.6,18.8,30,11.6,69,54.8,53.1
11/24/2019,1495.53,29.8,55,11.3,1186.3,18.6,27,10.2,69.9,53.9,52.7
11/25/2019,1494.33,27.5,55,11.5,1186.3,27,27,10.2,76.2,51.3,52.9
11/26/2019,1493.46,25.2,45,11.4,1186.1,21.4,27,11.5,69.5,52.3,51.7
11/27/2019,1492.59,25.2,45,11.7,1185.85,20,27,13,69.9,50.5,50.8
11/28/2019,1491.68,24.3,45,11.4,1185.55,18.6,27,15.4,69.7,51.8,50.5
11/29/2019,1490.78,24.5,45,10.6,1185.45,24.2,27,24.1,83.4,50.1,50.3
11/30/2019,1489.43,24.5,55,10.4,1185.35,24.2,27,21.2,80.3,48.6,50.3
12/1/2019,1488.09,25.4,55,11,1185.2,22.8,27,18.3,77.5,48.5,49.7
12/2/2019,1486.68,23.9,55,10.3,1184.9,18.6,27,18.3,71.1,47,48.5
12/3/2019,1485.23,23,55,9.3,1184.55,17.2,27,15.4,64.9,45.2,48.5
12/4/2019,1483.77,22.7,55,9.2,1184,16.6,32,11.6,60.1,43.8,48.4
12/5/2019,1482.21,20.5,55,9.1,1183.4,18.2,35,11.6,59.4,41.4,47.8
12/6/2019,1480.92,21.6,50,8.8,1182.7,15.4,35,12.6,58.4,41.3,47.6
12/7/2019,1480.03,20.5,40,8.4,1182,15.4,35,12.6,56.9,40.2,47.7
12/8/2019,1479.13,21.1,40,9.7,1181.3,15.4,35,12.6,58.8,41.8,46.8
12/9/2019,1478.24,21.3,40,9.1,1180.6,15.4,35,12.6,58.4,41.1,45.7
12/10/2019,1477.56,19.1,33.3,8.8,1179.8,13.1,35,9.8,50.8,42.8,45.3
12/11/2019,1477.2,20.7,28,8,1179.15,14.3,31,10.3,53.3,41.7,45.5
12/12/2019,1476.82,20.3,28,8.2,1178.5,14.3,31,10.4,53.2,42.1,47.7
12/13/2019,1476.37,19,28,8.1,1178,16.1,29,10.4,53.6,40.3,46.9
12/14/2019,1476.09,19.7,25,8.4,1177.6,15.7,26,60,103.8,46.3,47.1
12/15/2019,1475.87,21,25,8.4,1177.2,15.7,26,36.1,81.2,43,46.6
12/16/2019,1475.62,20.3,25,8.1,1177,14.9,20,17.5,60.8,41.1,45.6
12/17/2019,1475.39,20.7,25,8.3,1176.75,13.6,20,16,58.6,40.7,45.1
12/18/2019,1475.08,19,25,7.8,1176.5,13.6,20,14.8,55.2,37.9,43.1
12/19/2019,1475,19,20,7.7,1176.3,14.9,20,11.6,53.2,38.1,42.5
12/20/2019,1475.02,19,18,6.9,1176.1,14.9,20,11.6,52.4,36.8,41.8
12/21/2019,1475,18.2,18,7.8,1175.9,12.9,18,12.2,51.1,35.2,41.1
12/22/2019,1475.02,19,18,7.5,1175.7,12.9,18,14.8,54.2,32.3,40.5
12/23/2019,1474.98,17.7,18,7.2,1175.55,14.1,18,12.2,51.2,35.7,40.3
12/24/2019,1475.2,17.2,12,7.5,1175.35,12.9,18,14.8,52.4,36.1,40.5
12/25/2019,1475.4,16.8,12,7.2,1175.15,12.9,18,11.6,48.5,31.9,40.5
12/26/2019,1475.66,18,12,7.8,1175.3,11.9,8,11.5,49.2,33.4,38.4
12/27/2019,1475.93,18.2,12,7.1,1175.4,10.6,8,12.9,48.8,36.5,39.4
12/28/2019,1476.16,17.7,12,7.2,1175.55,11.9,8,12.9,49.7,36,38.8
12/29/2019,1476.33,16.4,12,7.7,1175.65,10.6,8,10.9,45.6,32.9,39.3
12/30/2019,1476.53,17,12,8.1,1175.75,10.6,8,9.6,45.3,32.6,40.3
12/31/2019,1476.78,16.1,10,6.9,1175.85,10.6,8,9.6,43.2,33.1,40.5
1/1/2020,1477.17,17.1,8,6.2,1176.05,11.1,6,9.3,43.7,31.8,38.9
1/2/2020,1477.55,16.9,8,6.6,1176.25,11.1,6,9.3,43.9,31.8,39.2
1/3/2020,1477.9,16.3,8,6.1,1176.4,9.9,6,9.1,41.4,30.8,39.5
1/4/2020,1478.26,16.5,8,6.4,1176.6,11.1,6,9.1,43.1,31,38.8
1/5/2020,1478.64,16.9,8,6.4,1176.75,9.9,6,9.1,42.3,30.5,38.9
1/6/2020,1478.99,16.3,8,5.7,1176.85,8.6,6,7.8,38.4,31,39.4
1/7/2020,1479.4,17.5,8,7.2,1177.15,9.8,2,7.8,42.3,31.4,40.1
1/8/2020,1479.79,17.1,8,8.1,1177.55,11.7,1.4,9.1,46,32,39.9
1/9/2020,1480.17,17,8,9.1,1177.9,10.4,1.4,18.9,55.4,30.8,39.1
1/10/2020,1480.53,16.8,8,8,1178.2,9.1,1.4,17.1,51,30.8,38.7
1/11/2020,1480.9,16.3,8,7.9,1178.5,9.1,1.4,17.1,50.4,30.6,38.5
1/12/2020,1481.26,16.1,8,8.2,1178.5,10,10,17.1,51.4,31.5,38.6
1/13/2020,1481.66,17,8,8.7,1178.8,9.3,1.6,12.9,47.9,33.3,39
1/14/2020,1482,23.6,16,10.4,1180.35,40.8,0.1,44.6,119.4,33.3,39.2
1/15/2020,1482,19.5,19.5,13.4,1181.2,23.9,0.1,35.9,92.7,32.6,38.8
1/16/2020,1482,17.7,17.7,14.6,1181.7,14.1,0.1,22,68.4,34.3,39.9
1/17/2020,1482,15.7,15.7,12.5,1182.2,14.1,0.1,22,64.3,33.8,41.5
1/18/2020,1482,15.6,15.6,11.6,1182.8,16.9,0.1,16.1,60.2,34.6,41.6
1/19/2020,1482,16.6,16.6,11,1183.4,16.9,0.1,13.6,58.1,35.1,42.2
1/20/2020,1482,16.8,16.8,10.6,1184,16.9,0.1,13.6,57.9,34.6,40.2
1/21/2020,1482,17.8,17.8,11.2,1184.35,14.8,5,13.6,57.4,35,39.4
1/22/2020,1482,20.3,20.3,11,1184.75,16.2,5,12.3,59.8,46.7,40.6
1/23/2020,1482,16.1,16.1,10.6,1185.1,14.8,5,12.3,53.8,82,46.3
1/24/2020,1482,17.8,17.8,10.4,1185.45,14.8,5,12.3,55.3,58,43.7
1/25/2020,1482,16.6,16.6,10.7,1185.8,13,3.2,13.6,53.9,48.6,42.6
1/26/2020,1482,16.8,16.8,11.3,1186.25,14.6,2,13.6,56.3,47.9,43.1
1/27/2020,1482,17.2,17.2,10.6,1186.65,13.2,2,12.3,53.3,46.7,48.3
1/28/2020,1482,15.8,15.8,10.6,1186.85,15.6,10,12.7,54.7,43.8,42.3
1/29/2020,1482,17.1,17.1,10.6,1187.2,19.8,10,17.4,64.9,42.8,40.4
1/30/2020,1481.65,17.1,25,10.5,1187.25,16.4,15,24.5,68.5,41.2,41.2
1/31/2020,1480.84,16.8,35,10.3,1187.2,13.6,15,15,55.7,42,43.1
2/1/2020,1479.97,15.5,35,10.5,1187.15,13.6,15,12.7,52.3,44.1,42.3
2/2/2020,1479.09,16,35,11,1187,10.8,15,12.7,50.5,48.6,42.6
2/3/2020,1478.25,16.9,35,10.3,1187,15,15,12.7,54.9,49.8,42.3
2/4/2020,1477.39,16.4,35,9.7,1186.95,13.6,15,12.7,52.4,45.9,44.7
2/5/2020,1476.45,14.7,35,9.7,1186.9,13.6,15,10.3,48.3,49.4,53
2/6/2020,1475.57,16,35,9.9,1186.7,14.4,20,12.7,53,44.2,71.9
2/7/2020,1474.97,15.1,28,9.4,1186.55,10.8,15,10.3,45.6,48.9,55.9
2/8/2020,1474.39,15.5,28,9.4,1186.5,13.6,15,12.7,51.2,114,69.6
2/9/2020,1473.77,14.6,28,10.2,1186.35,10.8,15,12.7,48.3,74.2,77.9
2/10/2020,1472.39,15.2,45,10.3,1186.25,12.2,15,10.3,48,61.5,71.3
2/11/2020,1470.85,14.8,48,10,1185.8,12.4,25,12.7,49.9,55,54.8
2/12/2020,1469.29,14.7,48,8.6,1185.1,10.4,30,12.7,46.4,53.9,53.8
2/13/2020,1467.75,15.6,48,8.2,1184,14.2,45,12.8,50.8,53.6,54.8
2/14/2020,1466.3,17.5,48,8.5,1182.85,12.8,45,12.8,51.6,52.7,59.8
2/15/2020,1464.61,19.5,55,9.2,1181.9,18.4,45,13.3,60.4,60.7,65.6
2/16/2020,1462.44,14.4,60,10.9,1180.9,17,45,13.3,55.6,77.7,60.3
2/17/2020,1460.23,13.5,60,10.6,1179.95,18.5,45,11.7,54.3,73.3,59.4
2/18/2020,1458.02,14.9,60,9.4,1178.8,15.4,45,17.6,57.3,63.9,56.1
2/19/2020,1456.22,13.4,50,9.4,1178,19.4,40,17.8,60,64.5,55.1
2/20/2020,1454.79,15.9,45,8.7,1177,14.3,40,15.3,54.2,62.1,60.8
2/21/2020,1453.29,14.5,45,9.6,1176.1,16.8,40,15.3,56.2,61.8,64.3
2/22/2020,1451.89,14.6,43,10.2,1175.2,16.8,40,10.1,51.7,171.5,70.4
2/23/2020,1450.43,13.3,43,10.9,1174.25,15.6,40,10.5,50.3,102.6,66.3
2/24/2020,1448.96,20.7,43,10.9,1173.3,15.6,40,10.5,57.7,87.8,67.1
2/25/2020,1447.67,23.2,40,10.8,1172.35,15.6,40,10.7,60.3,71.3,64
2/26/2020,1446.37,23.1,40,9.9,1171.4,15.6,40,10.6,59.2,73.6,73.4
2/27/2020,1444.99,22,40,8.7,1170.4,14.3,40,11.2,56.2,68.3,69.8
2/28/2020,1443.65,22.6,40,8.3,1169.6,16,35.7,15.1,62,66.5,69.3
2/29/2020,1442.57,24,38,9.3,1169,21.6,35.7,12.2,67.1,0,47.5
3/1/2020,1441.58,25.1,38,10.8,1168.95,34.5,35.7,15.4,85.8,64.9,69.8
3/2/2020,1440.46,23.4,38,11.4,1168.6,27.5,35.7,16.4,78.7,65.9,66.7
3/3/2020,1439,22.8,38,14.8,1168,21.6,35.7,11.5,70.7,67.5,78.7
3/4/2020,1438.13,22.3,35,15.4,1167.35,20.4,35.7,16.4,74.5,76.4,77.1
3/5/2020,1437.79,21,25,12.7,1166.7,20.4,35.7,13.5,67.6,71.9,73.8
3/6/2020,1438.12,18.9,15,17.1,1166.3,23.6,33,13.5,73.1,69.8,74
3/7/2020,1438.74,20.7,13,21.7,1166.3,25,25,24.1,91.5,67.1,70
3/8/2020,1440.29,28.9,10,25.7,1167.25,37.3,15,25.5,117.4,65.9,67.1
3/9/2020,1441.98,29,8,28.3,1168.8,51.5,15,28.4,137.2,64.8,67.9
3/10/2020,1443.26,20.9,5,24.6,1169.85,32.6,8,13.9,92,60.6,67.5
3/11/2020,1444.31,18.1,5,17.5,1170.8,30.1,6,16.8,82.5,59.8,72
3/12/2020,1445.32,17.6,5,15.2,1171.7,29.2,6,13.9,75.9,63.7,86.2
3/13/2020,1446.23,16.3,5,15.7,1172.8,34.3,6,49.2,115.5,82.6,84.7
3/14/2020,1447.16,16.6,5,17.4,1173.45,31.7,15,21.4,87.1,74.4,86.1
3/15/2020,1448.03,15.8,5,16.5,1173.75,27.7,20,28.4,88.4,70.7,81.7
3/16/2020,1448.85,15.9,5,12.7,1173.95,25.1,20,24.9,78.6,67.6,84.9
3/17/2020,1449.67,15.2,5,12.5,1174.15,25.1,20,21.9,74.7,64,90.7
3/18/2020,1450.48,19,5,13,1174.3,23.9,20,17.9,73.8,62.2,89.5
3/19/2020,1451.28,21.6,5,12.8,1174.55,26.4,20,20.8,81.6,65,100.3
3/20/2020,1452.02,20.5,5,13.2,1174.6,26.3,25,14,74,69.5,96.6
3/21/2020,1452.79,20.9,5,13,1174.55,23.7,25,17,74.6,86.7,96.6
3/22/2020,1453.56,20.7,5,12.1,1174.65,27.6,25,17,77.4,84.7,91.5
3/23/2020,1454.47,23.6,5,15.8,1174.75,27.6,25,17.5,84.5,77.9,87
3/24/2020,1455.35,22.9,5,19.1,1174.85,27.6,25,25.3,94.9,76.9,96.3
3/25/2020,1456.38,26,5,20.9,1175.2,34,25,18.4,99.3,72.2,111.2
3/26/2020,1457.63,30.4,5,26.1,1175.7,37.9,25,18.3,112.7,72.8,113.2
3/27/2020,1458.69,26.6,5,34.6,1176,32.7,25,18.3,112.2,75.7,131.2
3/28/2020,1459.98,31.2,5,36.4,1179,92.2,15,89.3,249.1,80.3,103.2
3/29/2020,1461.61,39.3,5,33,1181.7,84.1,10.8,66.6,223,79.6,102.6
3/30/2020,1462.9,32.2,5,33.4,1183.45,59,10,40.1,164.7,97.5,127.7
3/31/2020,1463.91,26.3,5,32.9,1184.75,46.4,10,36.3,141.9,125,121
4/1/2020,1465.28,33.9,5,32.9,1186.25,47,5,26.7,140.5,124.8,115.3
4/2/2020,1466.82,37.4,5,29.2,1188.3,62.4,5,30.6,159.6,109.2,119.6
4/3/2020,1468.2,34.1,5,27.7,1190.05,54.1,5,30.6,146.5,110.6,132
4/4/2020,1469.35,29.3,5,30.2,1191.65,53.4,5,27.7,140.6,119.5,157.5
4/5/2020,1470.35,26.3,5,28.8,1193,45.8,5,25,125.9,118.8,146.7
4/6/2020,1471.31,25.8,5,24.7,1193.55,41.6,25,22.1,114.2,137,136.3
4/7/2020,1472.19,24.3,5,24.2,1194.15,43.2,25,19.2,110.9,147.8,146.3
4/8/2020,1473.09,24.7,5,23.5,1194.4,38.8,31.3,22.4,109.4,156.2,136
4/9/2020,1473.89,22.6,5,25.9,1194.5,38,35,22.4,108.9,162,126
4/10/2020,1473.77,22.8,25,25.9,1194.6,38,35,19.4,106.1,156.4,123.2
4/11/2020,1473.75,25,25,27.2,1194.7,38,35,19.5,109.7,174.1,127.1
4/12/2020,1473.73,25,25,26.2,1194.8,38,35,22.7,111.9,185.3,132.3
4/13/2020,1473.93,24.7,20,26.3,1195,41.1,35,19.5,111.6,176.9,133
4/14/2020,1474.17,25.7,20,26.8,1195.2,41.1,35,22.7,116.3,181.2,132.5
4/15/2020,1474.17,30.5,30,38.6,1195.6,44.1,32,22.7,135.9,190,130.6
4/16/2020,1475.4,46.9,20,107.3,1196.1,47.1,32,29,230.3,170.2,130.7
4/17/2020,1476.43,35.6,13,110.9,1196.9,56.2,32,30.8,233.5,178.2,139.7
4/18/2020,1477.38,35.8,15,75.3,1197.6,51.2,30,29.1,191.4,263.1,163.5
4/19/2020,1478.1,35.4,19.5,62.4,1198.6,60.2,30,33.7,191.7,238.9,166.7
4/20/2020,1478.66,32.4,20,55.8,1199.7,63.3,30,31.4,182.9,203.9,162.4
4/21/2020,1479.4,31.3,15,53,1200.35,53.3,32.6,26.1,163.7,182.7,163.5
4/22/2020,1479.99,28.1,15,47.3,1200.8,49.9,35,23.1,148.4,188.5,169.2
4/23/2020,1480,30,29.4,43.5,1201.05,43.3,35,21.5,138.3,190.3,165.9
4/24/2020,1479.42,28,40,41.2,1201.45,48.2,35,20,137.4,203.8,158
4/25/2020,1478.91,29.6,40,39.5,1201.8,51.6,40,23,143.7,221.6,157.4
4/26/2020,1478.52,32.2,40,38,1202.15,51.6,40,23,144.8,229.2,156.4
4/27/2020,1478.48,32.7,33,37.7,1202.7,53.7,35.5,29.8,153.9,232.6,162.8
4/28/2020,1478.83,38.1,30,42.9,1203.65,59.4,28,26.7,167.1,209.5,163.1
4/29/2020,1479.27,40.1,30,49,1204.5,56.1,28,25.4,170.6,196.3,161.2
4/30/2020,1479.77,41.3,30,57.1,1205.3,54.4,28,31.3,184.1,191,163.4
5/1/2020,1480,47.4,41.9,56.5,1206.25,59.4,28,25.4,188.7,181,164.3
5/2/2020,1480,50.5,49.9,53.7,1207.2,59.4,28,28.6,192.2,178.1,163
5/3/2020,1479.78,55.9,60,54.3,1208.2,61,28,28.7,199.9,172.4,160.5
5/4/2020,1479.8,61,60,52.7,1209.75,79.2,28,28.7,221.6,161.5,164.9
5/5/2020,1479.05,59.5,75,56.3,1210.9,67.2,28,31.8,214.8,142,167.7
5/6/2020,1478.02,53.5,75,52.8,1211.75,59.9,30,18.7,184.9,136.7,171.5
5/7/2020,1476.79,49.1,75,50.9,1212.2,55.8,40,28.7,184.5,135.9,176.8
5/8/2020,1475.37,45.1,75,54.7,1212.6,54.1,40,31.8,185.7,139.8,182.3
5/9/2020,1473.67,44.1,80,57.7,1212.8,55.5,48.5,28.7,186,145.4,190
5/10/2020,1471.45,44.9,92,54.3,1212.8,55,55,28.9,183.1,154.5,192.9
5/11/2020,1469.3,46.9,92,54.3,1212.9,58.5,55,28.9,188.6,164,198.6
5/12/2020,1467.31,51.2,92,53,1213,58.5,55,28.9,191.6,162.4,204.8
5/13/2020,1465.27,53.1,95,54.5,1213.1,58.5,55,28.9,195,165.8,220.2
5/14/2020,1463.39,56.5,95,50.9,1213.2,58.5,55,31.9,197.8,170.5,223.8
5/15/2020,1462.65,70.3,85,63.6,1214,78.1,50,26.9,238.9,176.9,210.4
5/16/2020,1462.44,71.4,75,80.5,1215.1,88.6,50,34.1,274.6,186.4,206.8
5/17/2020,1461.81,62.6,75,61,1215.6,67.6,50,34.1,225.3,197.3,207.4
5/18/2020,1460.9,56.8,75,53.5,1215.9,60.5,50,30.5,201.3,200,221.2
5/19/2020,1459.35,53.8,85,51.2,1216.25,57.3,45,30.5,192.8,211.8,238.3
5/20/2020,1457.7,52.5,85,42.1,1216.5,53.8,45,30.5,178.9,190,242.9
5/21/2020,1455.25,49.8,98.4,39.7,1216.1,50.9,65,23.4,163.8,187.1,241.9
5/22/2020,1452.02,45.7,110,39.3,1215.25,50.1,80,23.4,158.5,188,238.5
5/23/2020,1448.67,59.8,116.3,43.1,1214.65,58.9,80,31.8,193.6,185.8,235.6
5/24/2020,1445.96,77,110,47.5,1214.3,57.7,70,31.8,214,203,237.5
5/25/2020,1443.46,79.6,110,53.6,1213.8,52.4,70,31.9,217.5,220,239.1
5/26/2020,1442.09,81.5,97.9,60.5,1213.4,55.9,70,33.9,231.8,248.8,243
5/27/2020,1441.85,87.7,90,63.4,1213.2,63,70,35,249.1,213.2,242.1
5/28/2020,1442.33,96.7,90,67.2,1212.95,61.2,70,39.3,264.4,202.2,248.3
5/29/2020,1443.35,103.4,90,66.6,1212.6,57.7,70,39.6,267.3,187.1,241.3
5/30/2020,1444.25,108.4,96.5,67.7,1212.3,59.5,70,36.8,272.4,184.1,240.8
5/31/2020,1445.15,111.9,100,72.3,1211.95,57.7,70,34,275.9,201.6,248
6/1/2020,1445.36,108.3,105,70.9,1211.6,57.7,70,34.8,271.7,224.4,256.7
6/2/2020,1445.21,103.8,105,71.7,1211.25,57.7,70,39,272.2,249.7,263.1
6/3/2020,1444.79,100.5,105,71.9,1210.8,54.2,70,33.8,260.4,269.5,266.2
6/4/2020,1444.28,99.3,105,69.3,1210.3,52.4,70,35.6,256.6,288.4,273.8
6/5/2020,1443.36,99.1,110,63.8,1209.6,51.3,75,34.6,248.8,289.4,283.4
6/6/2020,1442.18,100.9,115,63.7,1208.7,50.3,80,36.9,251.8,273.1,294
6/7/2020,1441.43,106.4,115,62.7,1208.1,60.2,80,41.2,270.5,246.1,296.6
6/8/2020,1441.6,122.8,120,71.6,1207.65,60.1,75,41.7,296.2,222.8,298.1
6/9/2020,1442.9,126.9,110,71.8,1207.9,58.3,50,42.2,299.2,228.8,302
6/10/2020,1445.1,133.1,105,75.4,1208.25,61.6,50,46.1,316.2,235.8,306.1
&nbsp;,0,0,0,0,0,0,0,0,0,0,0
LEVELS (FEET),0,0,0,0,0,0,0,10,0,0,0
PERIOD 2019-20,3,2,3,2,3,0,0,10,0,0,0
"RIVER FLOWS AND LEVELS
  (ALL FIGURES IN 1000 x CUSECS)  ",3,2,3,2,3,0,0,10,0,0,0
